0,0
0.02,0
0.04,0
0.06,0
0.08,-0.028015535
0.1,0.033728746
0.12,0.041263624
0.14,0.012852722
0.16,-0.024279924
0.18,-0.022614174
0.2,0.006971667
0.22,0.00693237
0.24,0.003337875
0.26,0.003624572
0.28,-0.027681437
0.3,-0.018964465
0.32,0.013976422
0.34,0.028768073
0.36,0.012345994
0.38,-0.027293242
0.4,-0.01018815
0.42,0.004814939
0.44,0.009941713
0.46,-0.006719343
0.48,-0.032285734
0.5,-0.011028976
0.52,0.011764648
0.54,0.033595107
0.56,0.02958107
0.58,0.00276815
0.6,0.008468456
0.62,0.016682997
0.64,0.029714709
0.66,0.006170291
0.68,-0.022862355
0.7,0.012031774
0.72,0.033065306
0.74,0.025640214
0.76,0.014164954
0.78,-0.029410826
0.8,-0.043462355
0.82,-0.020752722
0.84,-0.044261024
0.86,-0.069823272
0.88,-0.070318073
0.9,-0.024209924
0.92,0.047051606
0.94,0.062907294
0.96,0.019853823
0.98,0.001805596
1,0.017185749
1.02,0.015331789
1.04,-0.004527125
1.06,-0.005124388
1.08,0.011355933
1.1,0.026332294
1.12,-0.009151147
1.14,-0.061440413
1.16,-0.056015168
1.18,-0.02522656
1.2,-0.009960321
1.22,-0.007540443
1.24,-0.002920398
1.26,0.030129954
1.28,0.055536284
1.3,-0.021223654
1.32,-0.070295795
1.34,-0.026247966
1.36,0.027329832
1.38,0.000524954
1.4,-0.038458731
1.42,-0.019820413
1.44,0.007545382
1.46,0.024556758
1.48,0.027679847
1.5,0.003259281
1.52,-0.029694021
1.54,-0.048707813
1.56,-0.051049725
1.58,-0.039087156
1.6,0.003007752
1.62,0.016998012
1.64,-0.011881422
1.66,-0.012022859
1.68,-0.002554954
1.7,-0.026373654
1.72,-0.006856804
1.74,0.071522446
1.76,0.109322508
1.78,0.058840749
1.8,0.021424113
1.82,0.045490856
1.84,0.046386575
1.86,-0.002554954
1.88,-0.06834685
1.9,-0.075697171
1.92,-0.001926514
1.94,0.030338364
1.96,-0.022774862
1.98,-0.024138333
2,0.010951346
2.02,0.028709205
2.04,-0.004939664
2.06,-0.117579679
2.08,-0.121841911
2.1,-0.028204862
2.12,0.022159144
2.14,0.031992982
2.16,0.000697813
2.18,0.000662462
2.2,0.053776667
2.22,0.071812003
2.24,0.065742416
2.26,0.016514358
2.28,-0.03879919
2.3,-0.041079067
2.32,-0.04398896
2.34,-0.054125092
2.36,-0.036850963
2.38,-0.041842615
2.4,-0.041646101
2.42,0.013036774
2.44,0.100809648
2.46,0.122393532
2.48,0.033132661
2.5,-0.06037789
2.52,-0.045569144
2.54,0.012053884
2.56,-0.036179511
2.58,-0.123890795
2.6,-0.112351743
2.62,-0.049544969
2.64,-0.012159679
2.66,0.036127416
2.68,0.130322783
2.7,0.231292492
2.72,0.193466865
2.74,0.042201774
2.76,0.011096346
2.78,-3.93E-05
2.8,-0.079230046
2.82,-0.120189954
2.84,-0.155491514
2.86,-0.148203624
2.88,-0.034474251
2.9,0.008041407
2.92,-0.03795104
2.94,-0.06521263
2.96,-0.062211468
2.98,-0.033407859
3,-0.019200076
3.02,-0.028525352
3.04,-0.015003028
3.06,0.030313196
3.08,0.091713089
3.1,0.069437661
3.12,-0.056329969
3.14,-0.093490872
3.16,-0.029699939
3.18,-0.041686361
3.2,-0.068077278
3.22,0.009219771
3.24,0.115819159
3.26,0.100460887
3.28,0.017022339
3.3,-0.026709679
3.32,-0.067058012
3.34,-0.070388089
3.36,0.01887237
3.38,0.135689969
3.4,0.111584388
3.42,-0.082443685
3.44,-0.210105183
3.46,-0.131428517
3.48,-0.031344144
3.5,-0.073628226
3.52,-0.09225815
3.54,-0.020232661
3.56,0.030844618
3.58,0.038277829
3.6,0.041702783
3.62,0.048416942
3.64,0.040706483
3.66,0.01089656
3.68,0.011762492
3.7,-0.022420963
3.72,-0.021438394
3.74,0.085750872
3.76,0.100056055
3.78,0.008387859
3.8,0.012656514
3.82,0.084887171
3.84,0.039445245
3.86,-0.04786393
3.88,-0.019022431
3.9,0.060540291
3.92,0.09717419
3.94,0.101846713
3.96,-0.009117446
3.98,-0.113853945
4,-0.032639434
4.02,0.070550581
4.04,0.047329954
4.06,-0.031983486
4.08,-0.068550887
4.1,-0.03044156
4.12,0.049073976
4.14,0.054644006
4.16,-0.019123028
4.18,-0.042899159
4.2,0.019077309
4.22,0.103230046
4.24,0.118599419
4.26,0.013377615
4.28,-0.044294388
4.3,-0.013402905
4.32,-0.002802844
4.34,-0.035121376
4.36,-0.081977125
4.38,-0.091632171
4.4,-0.052188425
4.42,0.006062905
4.44,0.052268914
4.46,0.085436086
4.48,0.036020214
4.5,-0.061613853
4.52,-0.073867278
4.54,-0.008017966
4.56,-0.022766713
4.58,-0.074086239
4.6,-0.036802339
4.62,0.042761131
4.64,0.110555443
4.66,0.13116867
4.68,0.038677171
4.7,-0.025553593
4.72,0.009702339
4.74,0.101052661
4.76,0.193594388
4.78,0.17432081
4.8,0.006083073
4.82,-0.16831893
4.84,-0.254651865
4.86,-0.131819969
4.88,-0.054816575
4.9,-0.046415352
4.92,0.056533043
4.94,0.099681575
4.96,0.005840092
4.98,-0.054450581
5,0.031828073
5.02,0.04385341
5.04,-0.024334954
5.06,-0.027282508
5.08,0.045574725
5.1,-0.009421483
5.12,-0.147888226
5.14,-0.056001881
5.16,0.177796086
5.18,0.140698502
5.2,-0.092158135
5.22,-0.164374006
5.24,-0.098281116
5.26,-0.01493081
5.28,-0.024803761
5.3,-0.110959511
5.32,-0.101479052
5.34,-0.014867859
5.36,0.079419465
5.38,0.15010763
5.4,0.069623517
5.42,-0.021480168
5.44,-0.00602315
5.46,-0.004658884
5.48,-0.061223333
5.5,-0.064163838
5.52,0.02019815
5.54,0.054977401
5.56,0.022918425
5.58,0.060474969
5.6,0.074493685
5.62,-0.043218486
5.64,-0.130123425
5.66,-0.053532171
5.68,0.059207859
5.7,0.03587211
5.72,-0.022294205
5.74,-0.056925229
5.76,-0.052641346
5.78,0.021781346
5.8,0.07474289
5.82,0.003654312
5.84,-0.151943884
5.86,-0.171846162
5.88,0.008985581
5.9,0.111401284
5.92,0.042037538
5.94,0.008735214
5.96,0.037407125
5.98,0.026433884
6,-0.029730948
6.02,-0.006029725
6.04,0.085617936
6.06,0.072222248
6.08,0.036899495
6.1,0.053335046
6.12,0.083535627
6.14,0.045827661
6.16,-0.044522324
6.18,-0.009942248
6.2,0.111743547
6.22,0.187919067
6.24,0.099863425
6.26,0.041510765
6.28,0.111653609
6.3,0.114685428
6.32,0.029496972
6.34,-0.083629557
6.36,-0.103457339
6.38,-0.029498043
6.4,-0.048915856
6.42,-0.101650168
6.44,-0.04485763
6.46,-0.079933807
6.48,-0.143370046
6.5,-0.057166621
6.52,0.073098639
6.54,0.143450443
6.56,0.171051284
6.58,0.236203058
6.6,0.254259373
6.62,0.124892661
6.64,-0.089988318
6.66,-0.136508043
6.68,-0.008093609
6.7,0.119638119
6.72,0.159731896
6.74,0.105361376
6.76,0.017583272
6.78,-0.083664266
6.8,-0.087338731
6.82,0.018545948
6.84,0.138204327
6.86,0.091844648
6.88,-0.043594572
6.9,-0.041104602
6.92,0.004736498
6.94,0.015749755
6.96,0.017681101
6.98,-0.042768471
7,-0.034332661
7.02,0.070062798
7.04,0.114744235
7.06,0.060850015
7.08,-0.013315046
7.1,-0.048597905
7.12,-0.037545061
7.14,-0.02071948
7.16,0.01283263
7.18,0.08285578
7.2,0.085496514
7.22,-0.027213853
7.24,-0.158443471
7.26,-0.164217691
7.28,-0.120597278
7.3,-0.202358287
7.32,-0.238763761
7.34,-0.206840183
7.36,-0.203863654
7.38,-0.13018396
7.4,0.065387676
7.42,0.242712508
7.44,0.228795535
7.46,0.06621659
7.48,-0.044458257
7.5,-0.037195596
7.52,-0.048595963
7.54,-0.124879664
7.56,-0.158344021
7.58,-0.074015872
7.6,0.07030393
7.62,0.098541713
7.64,0.008871743
7.66,0.039550841
7.68,0.123377951
7.7,0.044121116
7.72,-0.109000382
7.74,-0.133912141
7.76,-0.093807156
7.78,-0.076476086
7.8,-0.03815607
7.82,-0.142478287
7.84,-0.248968349
7.86,-0.180519006
7.88,-0.079453761
7.9,0.018368349
7.92,0.021874709
7.94,-0.02376633
7.96,-0.044357783
7.98,-0.135356575
8,-0.218674602
8.02,-0.199552982
8.04,-0.143967569
8.06,-0.070386453
8.08,0.108144954
8.1,0.194575229
8.12,0.097341101
8.14,0.03232841
8.16,0.031547187
8.18,-0.022441131
8.2,-0.117566315
8.22,-0.122684113
8.24,-0.10705737
8.26,-0.159539648
8.28,-0.165988838
8.3,-0.139295841
8.32,-0.12540711
8.34,-0.063991147
8.36,0.0245137
8.38,0.027460138
8.4,-0.029114434
8.42,-0.036369235
8.44,0.039624954
8.46,0.034132752
8.48,-0.077850948
8.5,-0.070118119
8.52,0.037695581
8.54,0.097770122
8.56,0.099247691
8.58,0.043749939
8.6,0.022260765
8.62,0.059908211
8.64,0.085523456
8.66,0.02384396
8.68,-0.037117661
8.7,0.070097997
8.72,0.169423394
8.74,0.056705076
8.76,-0.031720107
8.78,-0.006041131
8.8,0.009854404
8.82,0.031865826
8.84,0.068885535
8.86,0.114086575
8.88,0.124443945
8.9,0.096997034
8.92,0.122410291
8.94,0.186310765
8.96,0.17979445
8.98,0.109948777
9,0.053054297
9.02,0.075719679
9.04,0.131895627
9.06,0.160605489
9.08,0.130612431
9.1,0.082641315
9.12,0.095244954
9.14,0.106309205
9.16,0.101168012
9.18,0.079851865
9.2,0.012309144
9.22,0.021321972
9.24,0.109040015
9.26,0.112592951
9.28,0.119239373
9.3,0.12717685
9.32,0.058030734
9.34,0.082732844
9.36,0.173073043
9.38,0.182962875
9.4,0.157276116
9.42,0.069597401
9.44,0.002751116
9.46,-0.00219763
9.48,0.014684541
9.5,-0.03215052
9.52,-0.180622844
9.54,-0.144792584
9.56,0.064400719
9.58,0.181414618
9.6,0.072261942
9.62,-0.100635214
9.64,-0.162707492
9.66,-0.327535642
9.68,-0.462010428
9.7,-0.338708349
9.72,-0.111516804
9.74,0.009126208
9.76,0.046613104
9.78,0.135193211
9.8,0.263597217
9.82,0.210926651
9.84,-0.091439098
9.86,-0.279085398
9.88,-0.175465199
9.9,0.012232538
9.92,-0.022490061
9.94,-0.237496131
9.96,-0.268979648
9.98,-0.103707141
10,0.096498028
10.02,0.26989107
10.04,0.19114289
10.06,0.02275844
10.08,-0.017582768
10.1,-0.082832477
10.12,-0.200681177
10.14,-0.318606453
10.16,-0.30961919
10.18,-0.156835076
10.2,-0.100775061
10.22,-0.041707859
10.24,0.109697339
10.26,0.249287003
10.28,0.22654919
10.3,0.013900887
10.32,-0.13535208
10.34,-0.208655566
10.36,-0.133408532
10.38,0.068772324
10.4,0.168489664
10.42,0.225562813
10.44,0.382461208
10.46,0.501378287
10.48,0.417748379
10.5,0.235355321
10.52,0.050619511
10.54,-0.076939404
10.56,-0.090682034
10.58,-0.060828364
10.6,-0.071872813
10.62,-0.077297049
10.64,-0.017820459
10.66,0.050798869
10.68,0.009981376
10.7,-0.094263196
10.72,-0.109724771
10.74,-0.036686407
10.76,0.084167248
10.78,0.194835795
10.8,0.245057829
10.82,0.18404133
10.84,0.05987448
10.86,0.073790612
10.88,0.201467905
10.9,0.313118257
10.92,0.183678777
10.94,-0.105303471
10.96,-0.099134067
10.98,0.042546865
11,0.140977309
11.02,0.287336911
11.04,0.347749694
11.06,0.240612569
11.08,0.025726636
11.1,-0.135972309
11.12,-0.161670612
11.14,-0.131316514
11.16,-0.094624021
11.18,-0.134018792
11.2,-0.308661621
11.22,-0.558487783
11.24,-0.651474312
11.26,-0.532579648
11.28,-0.437337401
11.3,-0.453208914
11.32,-0.335126636
11.34,-0.109245046
11.36,0.110657125
11.38,0.266667538
11.4,0.251286131
11.42,0.235044954
11.44,0.114273043
11.46,-0.065017462
11.48,-0.010804373
11.5,0.143980459
11.52,0.241475306
11.54,0.220033609
11.56,0.065095627
11.58,-0.105431391
11.6,-0.22998893
11.62,-0.253706101
11.64,-0.107531575
11.66,0.120911957
11.68,0.320630948
11.7,0.276497599
11.72,5.21E-06
11.74,-0.289254098
11.76,-0.430779327
11.78,-0.347745398
11.8,-0.205142783
11.82,-0.176208486
11.84,-0.178989862
11.86,-0.124820856
11.88,-0.070607446
11.9,0.003896453
11.92,0.126520642
11.94,0.257376774
11.96,0.247886911
11.98,0.122552171
12,0.052702141
12.02,0.154948364
12.04,0.316126606
12.06,0.323124618
12.08,0.17340578
12.1,-0.010297645
12.12,-0.177166972
12.14,-0.368521483
12.16,-0.277704557
12.18,0.105544174
12.2,0.085189694
12.22,-0.267041101
12.24,-0.229271544
12.26,0.053273823
12.28,0.273782018
12.3,0.164566498
12.32,-0.072195321
12.34,-0.03452474
12.36,0.04119659
12.38,0.043039587
12.4,0.018089144
12.42,-0.037350061
12.44,-0.186122309
12.46,-0.142147844
12.48,0.100045749
12.5,0.054454235
12.52,-0.070699602
12.54,0.052074266
12.56,0.09615052
12.58,-0.091824006
12.6,-0.058789083
12.62,0.205689755
12.64,0.26513263
12.66,0.053859878
12.68,-0.032394862
12.7,0.141543884
12.72,0.300833884
12.74,0.271658456
12.76,0.183612844
12.78,0.16983789
12.8,-0.012344388
12.82,-0.254087661
12.84,-0.208566177
12.86,-0.017026269
12.88,-0.034144281
12.9,-0.248759618
12.92,-0.260175076
12.94,-0.066372737
12.96,0.01642867
12.98,0.066558914
13,0.133991972
13.02,0.047213716
13.04,-0.072262737
13.06,-0.218584358
13.08,-0.314804052
13.1,-0.161111682
13.12,0.105731009
13.14,0.119014893
13.16,0.09928208
13.18,0.253464373
13.2,0.206210092
13.22,0.015523761
13.24,-0.089971957
13.26,-0.136165688
13.28,-0.158664709
13.3,-0.069340887
13.32,0.092034939
13.34,0.159749021
13.36,0.041452339
13.38,-0.10948841
13.4,-0.074598486
13.42,0.062359312
13.44,0.133734725
13.46,0.166142706
13.48,0.084144786
13.5,0.012574159
13.52,0.006647095
13.54,-0.008133639
13.56,0.031262431
13.58,0.050857966
13.6,0.053783272
13.62,0.058650398
13.64,-0.046929388
13.66,-0.076877661
13.68,-0.069799281
13.7,-0.092754404
13.72,0.030752997
13.74,-0.013371697
13.76,-0.147921544
13.78,-0.079238746
13.8,-0.043499954
13.82,-0.020600948
13.84,0.160439006
13.86,0.207046453
13.88,0.020098991
13.9,-0.071021911
13.92,-0.035567294
13.94,-0.007916636
13.96,-0.009714495
13.98,-0.087178028
14,-0.229162676
14.02,-0.240196804
14.04,-0.17042867
14.06,-0.137039924
14.08,-0.028980275
14.1,0.126919878
14.12,0.160654281
14.14,0.069016437
14.16,-0.151921636
14.18,-0.276438211
14.2,-0.081722003
14.22,0.146944893
14.24,0.157404358
14.26,0.034746942
14.28,-0.049779786
14.3,-0.001319771
14.32,0.134705948
14.34,0.191686376
14.36,0.096239832
14.38,-0.046947951
14.4,-0.025051529
14.42,0.067490581
14.44,0.017519358
14.46,-0.025026223
14.48,0.093847783
14.5,0.188121896
14.52,0.090418394
14.54,0.011313242
14.56,0.135757523
14.58,0.128176254
14.6,-0.076966743
14.62,-0.030060749
14.64,0.2181413
14.66,0.258759786
14.68,0.116102508
14.7,-0.048194847
14.72,-0.120615015
14.74,-0.046795749
14.76,-0.079169587
14.78,-0.213288456
14.8,-0.142136315
14.82,0.076324067
14.84,0.097355352
14.86,-0.019832982
14.88,-0.011519174
14.9,0.004077202
14.92,-0.141407141
14.94,-0.309905872
14.96,-0.242075703
14.98,-0.013727523
15,0.186712966
15.02,0.203867615
15.04,0.024983746
15.06,-0.142361972
15.08,-0.184466865
15.1,-0.135649037
15.12,-0.025949159
15.14,0.01267633
15.16,-0.122782951
15.18,-0.158657049
15.2,-0.03099922
15.22,-0.056429159
15.24,-0.175890367
15.26,-0.215593089
15.28,-0.222252431
15.3,-0.17711945
15.32,-0.081002202
15.34,-0.039409312
15.36,0.010671988
15.38,0.108313456
15.4,0.198122095
15.42,0.140166544
15.44,-0.058070657
15.46,-0.190319954
15.48,-0.222650856
15.5,-0.192819587
15.52,-0.082663639
15.54,-0.01932974
15.56,-0.009043976
15.58,0.102837401
15.6,0.241419067
15.62,0.296216942
15.64,0.36351555
15.66,0.400269771
15.68,0.298520841
15.7,0.167234144
15.72,0.144779281
15.74,0.210136239
15.76,0.229004572
15.78,0.143299648
15.8,0.01212656
15.82,-0.006874618
15.84,0.077318807
15.86,-0.000521774
15.88,-0.158806131
15.9,-0.142876024
15.92,-0.109937508
15.94,-0.083038196
15.96,-0.045782813
15.98,-0.064504954
16,-0.013294281
16.02,0.053464006
16.04,0.070548165
16.06,0.070220306
16.08,0.033846911
16.1,-0.07020026
16.12,-0.203477554
16.14,-0.238530657
16.16,-0.18232607
16.18,-0.274437049
16.2,-0.401452141
16.22,-0.337834297
16.24,-0.217749755
16.26,-0.060155306
16.28,0.070727982
16.3,-0.022544633
16.32,-0.157227202
16.34,-0.154528746
16.36,-0.102724954
16.38,-0.099299052
16.4,-0.139739021
16.42,-0.11793052
16.44,0.000987324
16.46,0.133987645
16.48,0.097681942
16.5,0.07678604
16.52,0.184289128
16.54,0.093331529
16.56,-0.063359358
16.58,0.024631942
16.6,0.188950826
16.62,0.246639679
16.64,0.266135688
16.66,0.140487951
16.68,-0.070520688
16.7,-0.095525642
16.72,0.006546407
16.74,0.035206713
16.76,-0.045296361
16.78,-0.027597829
16.8,0.085802844
16.82,0.178752844
16.84,0.162380428
16.86,0.053098563
16.88,-0.032770673
16.9,-0.046441514
16.92,0.010285826
16.94,0.120037523
16.96,0.18670289
16.98,0.117583654
17,0.01339633
17.02,-0.002224511
17.04,0.074239817
17.06,0.113441483
17.08,0.051478731
17.1,-0.100019006
17.12,-0.142994893
17.14,-0.135035352
17.16,-0.202690413
17.18,-0.192169067
17.2,-0.109455107
17.22,-0.086823364
17.24,-0.104106009
17.26,-0.033282034
17.28,0.046100535
17.3,0.084636391
17.32,0.072740703
17.34,-0.034483012
17.36,-0.133336024
17.38,-0.099279297
17.4,0.036233028
17.42,0.080511407
17.44,0.022337248
17.46,-0.050333425
17.48,0.064059235
17.5,0.17550315
17.52,0.188810183
17.54,0.219670183
17.56,0.200742829
17.58,0.102226957
17.6,-0.063690673
17.62,-0.053989312
17.64,0.144310581
17.66,0.244452645
17.68,0.215744587
17.7,-0.00402685
17.72,-0.376969174
17.74,-0.40293789
17.76,-0.137573609
17.78,0.00223682
17.8,-0.014170229
17.82,-0.029755505
17.84,0.040976468
17.86,0.107663578
17.88,-0.126236024
17.9,-0.377977584
17.92,-0.175013609
17.94,0.046955948
17.96,-0.024769939
17.98,-0.134528991
18,-0.063625765
18.02,0.162200902
18.04,0.231607554
18.06,0.097666942
18.08,0.040812446
18.1,0.143968119
18.12,0.253833196
18.14,0.207817232
18.16,0.092785092
18.18,0.05041133
18.2,-0.041567875
18.22,-0.063683303
18.24,-0.205279235
18.26,-0.357036376
18.28,-0.079805917
18.3,0.044499862
18.32,-0.275539067
18.34,-0.195196177
18.36,0.221696223
18.38,0.175907768
18.4,0.089126177
18.42,0.292039633
18.44,0.367297859
18.46,0.379401682
18.48,0.424919297
18.5,0.780274526
18.52,1.017376437
18.54,0.444034098
18.56,-0.275850535
18.58,-0.461305076
18.6,-0.410823486
18.62,-0.601089541
18.64,-0.678636346
18.66,-0.363979832
18.68,-0.031168869
18.7,-0.042927951
18.72,-0.380736055
18.74,-0.423194664
18.76,-0.096719021
18.78,-0.049086743
18.8,-0.198198456
18.82,-0.127925214
18.84,0.038781346
18.86,0.108125076
18.88,0.175401422
18.9,0.309442125
18.92,0.433197477
18.94,0.337576177
18.96,0.005703578
18.98,-0.274275703
19,-0.17372633
19.02,0.06611974
19.04,0.029663364
19.06,-0.206710229
19.08,-0.208157477
19.1,0.01241341
19.12,0.168416162
19.14,-0.152719679
19.16,-0.078214648
19.18,0.230858318
19.2,0.201451055
19.22,0.112680321
19.24,0.089028104
19.26,0.194609174
19.28,0.325416544
19.3,0.38119185
19.32,0.229035826
19.34,0.027955306
19.36,-0.115157813
19.38,-0.104386208
19.4,0.066438471
19.42,0.234904618
19.44,0.238719312
19.46,0.068664664
19.48,-0.113894648
19.5,-0.174405489
19.52,-0.180520596
19.54,-0.165413777
19.56,-0.18785289
19.58,-0.325027385
19.6,-0.399623914
19.62,-0.2119963
19.64,0.120584786
19.66,0.36686052
19.68,0.263334404
19.7,0.029870229
19.72,0.078001498
19.74,0.189758104
19.76,-0.028200489
19.78,-0.348001529
19.8,-0.393962554
19.82,-0.40744633
19.84,-0.470175183
19.86,-0.283917385
19.88,0.043124128
19.9,0.35189133
19.92,0.474151239
19.94,0.31549133
19.96,0.116920443
19.98,0.116646376
20,0.04692419
20.02,-0.15162445
20.04,0.029888364
20.06,0.4506
20.08,0.429044021
20.1,0.061434419
20.12,0.001377798
20.14,0.066371284
20.16,-0.095357462
20.18,-0.269691346
20.2,-0.217085963
20.22,-0.017195948
20.24,0.06035818
20.26,0.024599924
20.28,0.054041804
20.3,0.086592217
20.32,-0.034461131
20.34,-0.246403517
20.36,-0.381187798
20.38,-0.233486483
20.4,0.072589373
20.42,0.11312211
20.44,-0.097415749
20.46,-0.227814771
20.48,-0.227347966
20.5,-0.14323182
20.52,0.045929006
20.54,0.085408089
20.56,-0.047282064
20.58,0.02732974
20.6,0.328574908
20.62,0.357255352
20.64,0.177599572
20.66,0.076006835
20.68,-0.044550749
20.7,-0.115458869
20.72,0.022330749
20.74,0.048209969
20.76,-0.213101483
20.78,-0.292619358
20.8,-0.027846881
20.82,0.29487
20.84,0.281670046
20.86,-0.055059526
20.88,-0.179879924
20.9,0.055229801
20.92,0.140707217
20.94,-0.058005749
20.96,-0.085110138
20.98,0.05315737
21,0.135289052
21.02,0.048181865
21.04,-0.183411988
21.06,-0.299650826
21.08,-0.180844908
21.1,-0.05774
21.12,-0.041330872
21.14,0.011814648
21.16,-0.011275902
21.18,-0.066812936
21.2,-0.045285963
21.22,-0.02561919
21.24,0.042712691
21.26,0.006890352
21.28,-0.130436055
21.3,-0.104947645
21.32,0.036229021
21.34,0.046047859
21.36,-0.006602385
21.38,-0.081386544
21.4,-0.223742783
21.42,-0.08020107
21.44,0.183817997
21.46,0.101717599
21.48,-0.162917813
21.5,-0.19595682
21.52,0.027618731
21.54,0.287644817
21.56,0.298719312
21.58,0.065323823
21.6,-0.058929557
21.62,0.038576743
21.64,0.095579434
21.66,-0.026888379
21.68,-0.208666743
21.7,-0.162497829
21.72,0.10964737
21.74,0.198802416
21.76,0.058613119
21.78,0.050945138
21.8,0.16343763
21.82,0.246684985
21.84,0.28082945
21.86,0.223506972
21.88,0.148551621
21.9,-0.03544581
21.92,-0.205691101
21.94,-0.161513532
21.96,-0.113429205
21.98,-0.1073213
22,-0.084751529
22.02,-0.039215382
22.04,-0.045749251
22.06,-0.188047171
22.08,-0.308890994
22.1,-0.258644327
22.12,-0.155168716
22.14,-0.096351606
22.16,-0.076144648
22.18,-0.173142217
22.2,-0.198521621
22.22,0.056974327
22.24,0.261346177
22.26,0.190316697
22.28,-0.067631651
22.3,-0.186441254
22.32,-0.094015015
22.34,0.150813609
22.36,0.333003746
22.38,0.191165566
22.4,0.088262462
22.42,0.233373685
22.44,0.291046437
22.46,0.113068976
22.48,-0.031654373
22.5,-0.017627875
22.52,-0.037630413
22.54,-0.078374924
22.56,-0.064614664
22.58,0.013177966
22.6,0.157152034
22.62,0.17529445
22.64,0.075064939
22.66,0.023298517
22.68,-0.091077125
22.7,-0.225212936
22.72,-0.227769908
22.74,-0.135521896
22.76,-0.113604021
22.78,-0.086397905
22.8,0.104670107
22.82,0.237344327
22.84,0.175002187
22.86,0.00367185
22.88,-0.193051361
22.9,-0.257915352
22.92,-0.147988777
22.94,-0.031062997
22.96,0.004419205
22.98,0.111639434
23,0.126272936
23.02,-0.133243624
23.04,-0.246046208
23.06,-0.116627263
23.08,-0.035957875
23.1,-0.010208899
23.12,0.091878731
23.14,0.097966575
23.16,-0.107592768
23.18,-0.112884526
23.2,0.161686621
23.22,0.223950703
23.24,0.09261393
23.26,0.139225657
23.28,0.296326972
23.3,0.396102844
23.32,0.360980291
23.34,0.181816529
23.36,0.029261177
23.38,-0.091041422
23.4,-0.194554618
23.42,-0.191217278
23.44,-0.164204832
23.46,-0.210765566
23.48,-0.208605092
23.5,-0.148237141
23.52,-0.213077676
23.54,-0.295981498
23.56,-0.184976468
23.58,0.033048761
23.6,0.156858823
23.62,-0.003366254
23.64,-0.222324067
23.66,-0.176782156
23.68,-0.001480428
23.7,0.139187691
23.72,0.144896223
23.74,0.073003349
23.76,0.077409495
23.78,0.084727095
23.8,-0.001182355
23.82,-0.130291575
23.84,-0.149056131
23.86,-0.070557187
23.88,0.039140841
23.9,0.06783555
23.92,0.013475122
23.94,0.032518991
23.96,0.081620428
23.98,0.135388043
24,0.211778165
24.02,0.174135321
24.04,0.072296988
24.06,0.125533089
24.08,0.196721193
24.1,0.159194664
24.12,0.098720673
24.14,0.036511743
24.16,-0.018742722
24.18,-0.071376361
24.2,-0.167585826
24.22,-0.179871957
24.24,-0.105988471
24.26,-0.103723731
24.28,-0.065938242
24.3,0.030041988
24.32,0.063787905
24.34,0.022155963
24.36,0.023662339
24.38,0.022167171
24.4,-0.054026514
24.42,-0.094246177
24.44,-0.027274251
24.46,0.027127982
24.48,0.003309924
24.5,0.020772462
24.52,0.063348823
24.54,0.059958838
24.56,0.004465367
24.58,-0.059591391
24.6,-0.039563058
24.62,-0.038072309
24.64,-0.082185229
24.66,-0.031589817
24.68,0.03742055
24.7,0.071534083
24.72,0.028257401
24.74,-0.011950719
24.76,0.068540138
24.78,0.113887477
24.8,0.082806346
24.82,0.041339893
24.84,-0.05908763
24.86,-0.163327798
24.88,-0.132630688
24.9,-0.035747706
24.92,-0.050117783
24.94,-0.073386024
24.96,-0.011921713
24.98,0.063994511
25,0.099765887
25.02,0.06220208
25.04,-0.078200841
25.06,-0.18329815
25.08,-0.157908517
25.1,-0.016455994
25.12,0.101115657
25.14,0.132764067
25.16,0.143897508
25.18,0.030968517
25.2,-0.116802569
25.22,-0.110383807
25.24,-0.017423379
25.26,-0.05208419
25.28,-0.191937187
25.3,-0.185517691
25.32,-0.025693761
25.34,0.081105688
25.36,0.054275076
25.38,-0.028984541
25.4,-0.036625673
25.42,0.048738073
25.44,0.095290107
25.46,0.202014618
25.48,0.309072095
25.5,0.265108578
25.52,0.113243394
25.54,-0.038889021
25.56,-0.03736919
25.58,0.020123028
25.6,-0.071445031
25.62,-0.219906162
25.64,-0.212531774
25.66,-0.115620612
25.68,-0.079271606
25.7,-0.066785856
25.72,0.036724862
25.74,0.219538976
25.76,0.379118394
25.78,0.382270688
25.8,0.294615489
25.82,0.106724388
25.84,-0.057176667
25.86,-0.069565336
25.88,-0.120335398
25.9,-0.164416651
25.92,-0.19441792
25.94,-0.211299251
25.96,-0.122815183
25.98,-0.055241208
26,-0.020584388
26.02,0.016220352
26.04,-0.012289694
26.06,-0.036057523
26.08,0.040128502
26.1,0.171741667
26.12,0.183497156
26.14,0.018941606
26.16,-0.063065153
26.18,-0.01914818
26.2,0.047482232
26.22,0.073734358
26.24,-0.031543853
26.26,-0.129036147
26.28,-0.064070535
26.3,0.027654771
26.32,-0.000267171
26.34,-0.098552844
26.36,-0.160702508
26.38,-0.089602263
26.4,0.015968165
26.42,-0.037625749
26.44,-0.081503028
26.46,-0.040722554
26.48,0.006899633
26.5,0.058099709
26.52,0.099409633
26.54,0.178451911
26.56,0.218730443
26.58,0.154180872
26.6,0.010265749
26.62,-0.067137049
26.64,-0.094525245
26.66,-0.182089128
26.68,-0.182765612
26.7,-0.055795122
26.72,0.086967278
26.74,0.104534281
26.76,-0.048217431
26.78,-0.176879358
26.8,-0.16373211
26.82,-0.114880306
26.84,-0.041923777
26.86,-0.014801315
26.88,-0.083005703
26.9,-0.034043639
26.92,0.131553685
26.94,0.219238532
26.96,0.173490107
26.98,0.086597477
27,-0.012629404
27.02,-0.048504679
27.04,0.027341483
27.06,0.074736177
27.08,-0.081955856
27.1,-0.236903777
27.12,-0.080546881
27.14,0.17682107
27.16,0.200315657
27.18,0.151038303
27.2,0.22696263
27.22,0.172888028
27.24,-0.077028823
27.26,-0.265693196
27.28,-0.24588581
27.3,-0.113817217
27.32,0.047695642
27.34,0.120910994
27.36,0.058709908
27.38,-0.047709771
27.4,-0.123647706
27.42,-0.112119067
27.44,-0.091973578
27.46,-0.094757446
27.48,0.000132844
27.5,0.174644235
27.52,0.255830596
27.54,0.263180061
27.56,0.241606009
27.58,0.116621911
27.6,-0.009834633
27.62,-0.036662508
27.64,-0.093226575
27.66,-0.192699327
27.68,-0.221146024
27.7,-0.161245673
27.72,-0.049018043
27.74,-0.017322569
27.76,-0.067691361
27.78,-0.043545076
27.8,0.038431682
27.82,0.094766636
27.84,0.10241607
27.86,0.011524893
27.88,-0.102069235
27.9,-0.099956407
27.92,-0.044696957
27.94,-0.043560994
27.96,-0.01509107
27.98,0.02515656
28,0.028343287
28.02,-0.009532187
28.04,-0.075512615
28.06,-0.058183685
28.08,0.045177431
28.1,0.13735237
28.12,0.079119358
28.14,-0.020547492
28.16,-0.026044327
28.18,0.061787248
28.2,0.138621957
28.22,0.123606315
28.24,0.03508107
28.26,-0.053528471
28.28,-0.102018318
28.3,-0.103569526
28.32,-0.028546927
28.34,0.020870459
28.36,0.009313104
28.38,0.040219939
28.4,0.0273537
28.42,-0.082485872
28.44,-0.082702248
28.46,-0.009100076
28.48,-0.006687844
28.5,0.03347737
28.52,0.139392003
28.54,0.12475818
28.56,0.070198746
28.58,0.058875749
28.6,-0.000115398
28.62,-0.020929327
28.64,-0.013111101
28.66,-0.070012599
28.68,-0.068873456
28.7,-0.018496713
28.72,-0.052451376
28.74,-0.107459465
28.76,-0.079338914
28.78,-0.03354737
28.8,-0.028357599
28.82,0.042140245
28.84,0.176009954
28.86,0.192062936
28.88,0.104164557
28.9,0.075972416
28.92,0.057630015
28.94,0.028912859
28.96,0.083779343
28.98,0.09294815
29,0.037650505
29.02,0.085287584
29.04,0.156520474
29.06,0.08316682
29.08,-0.033276911
29.1,-0.093788196
29.12,-0.15673526
29.14,-0.221686957
29.16,-0.237899021
29.18,-0.09229107
29.2,0.189055979
29.22,0.245519817
29.24,0.084148456
29.26,-0.026228869
29.28,-0.021109098
29.3,-0.01844263
29.32,-0.11240104
29.34,-0.160227446
29.36,-0.155395657
29.38,-0.209197783
29.4,-0.20865685
29.42,-0.081111269
29.44,0.045078792
29.46,0.138645826
29.48,0.202642936
29.5,0.152073685
29.52,0.109637523
29.54,0.163886713
29.56,0.099851407
29.58,-0.013115076
29.6,-0.021293654
29.62,0.048182783
29.64,0.105343471
29.66,0.037952798
29.68,-0.046453394
29.7,-0.066162431
29.72,-0.074152324
29.74,-0.017702813
29.76,0.042800505
29.78,0.011854862
29.8,-0.033595107
29.82,-0.14190893
29.84,-0.282780535
29.86,-0.281714572
29.88,-0.226062156
29.9,-0.244883425
29.92,-0.234414786
29.94,-0.09361159
29.96,0.042603226
29.98,0.093180428
30,0.060517645
30.02,0.043723272
30.04,0.13366448
30.06,0.255988456
30.08,0.24526526
30.1,0.176503165
30.12,0.068100245
30.14,-0.00157682
30.16,0.069188471
30.18,0.052557982
30.2,-0.114090673
30.22,-0.212920673
30.24,-0.134515642
30.26,0.02912922
30.28,0.221909694
30.3,0.180512431
30.32,0.020105199
30.34,0.03114341
30.36,0.081544021
30.38,-0.019220612
30.4,-0.125770046
30.42,-0.107833349
30.44,-0.072723639
30.46,-0.141535046
30.48,-0.208975031
30.5,-0.154251743
30.52,-0.094286162
30.54,-0.063098211
30.56,0.01101419
30.58,0.128705398
30.6,0.16574815
30.62,0.067966606
30.64,0.045958593
30.66,0.104477966
30.68,-0.004303272
30.7,-0.140617049
30.72,-0.085667829
30.74,-0.025097691
30.76,-0.051009954
30.78,-0.087085398
30.8,-0.083884343
30.82,0.064297813
30.84,0.200176927
30.86,0.14998315
30.88,0.064544404
30.9,0.001173165
30.92,0.013131774
30.94,0.092528135
30.96,0.055127416
30.98,-0.075641483
31,-0.085306682
31.02,0.007906682
31.04,0.09054737
31.06,0.059241682
31.08,-0.068063654
31.1,-0.170616544
31.12,-0.154181728
31.14,-0.042515719
31.16,-0.028303502
31.18,-0.053732125
31.2,0.035583823
31.22,0.175691774
31.24,0.183455734
31.26,0.039346498
31.28,1.43E-05
31.3,-0.042437768
31.32,-0.07370844
31.34,0.069263257
31.36,0.205745352
31.38,0.127429434
31.4,-0.028464205
31.42,-0.068777997
31.44,-0.065341483
31.46,-0.081365826
31.48,-0.109211131
31.5,-0.1232913
31.52,-0.094895505
31.54,-0.077001774
31.56,-0.097291529
31.58,-0.079927584
31.6,-0.036948884
31.62,0.018781498
31.64,0.121288257
31.66,0.152445979
31.68,0.088964343
31.7,0.008315245
31.72,-0.030694755
31.74,-0.061165168
31.76,-0.153866728
31.78,-0.23653078
31.8,-0.166034526
31.82,0.007780994
31.84,0.159077171
31.86,0.228257691
31.88,0.232378333
31.9,0.22149604
31.92,0.145790917
31.94,-0.019561086
31.96,-0.08035237
31.98,0.033089174
32,0.176582706
32.02,0.172446162
32.04,0.004783593
32.06,-0.185921758
32.08,-0.286455703
32.1,-0.257993089
32.12,-0.131675749
32.14,-0.029603333
32.16,0.003942768
32.18,0.024214694
32.2,0.082996575
32.22,0.107469006
32.24,-0.029948578
32.26,-0.083569327
32.28,0.056942722
32.3,0.09876318
32.32,0.017268486
32.34,-0.037672783
32.36,-0.042752783
32.38,-0.032097997
32.4,0.026092049
32.42,0.083819113
32.44,0.134509281
32.46,0.163759434
32.48,0.107362416
32.5,0.072539083
32.52,0.058656193
32.54,0.048605994
32.56,0.05933555
32.58,0.031348639
32.6,-0.051913639
32.62,-0.095614633
32.64,-0.090052569
32.66,-0.085427599
32.68,-0.065152171
32.7,-0.057082722
32.72,-0.110818028
32.74,-0.156719343
32.76,-0.112735153
32.78,0.019188792
32.8,0.174800826
32.82,0.192444771
32.84,0.08487552
32.86,-0.001887217
32.88,-0.026082508
32.9,-0.090189388
32.92,-0.108818165
32.94,-0.026208196
32.96,0.040097431
32.98,0.028779205
33,-0.000818609
33.02,0.026803211
33.04,0.069228257
33.06,0.058624373
33.08,0.075356697
33.1,0.165923165
33.12,0.134020856
33.14,-0.004177584
33.16,-0.045199694
33.18,-0.013256514
33.2,-0.013417523
33.22,-0.000893257
33.24,-0.015146116
33.26,-0.02140026
33.28,0.03856055
33.3,0.041153838
33.32,0.005777477
33.34,0.007898884
33.36,-0.002480336
33.38,-0.040445856
33.4,-0.066751101
33.42,-0.125809817
33.44,-0.144494266
33.46,-0.064948517
33.48,0.038329862
33.5,0.050327431
33.52,-0.03125
33.54,-0.024098547
33.56,0.02842919
33.58,-0.050616988
33.6,-0.06462555
33.62,0.047584572
33.64,0.107298777
33.66,0.108049725
33.68,0.129330657
33.7,0.053195963
33.72,-0.074215963
33.74,-0.048357798
33.76,0.018658991
33.78,-0.028074404
33.8,-0.149679266
33.82,-0.207861361
33.84,-0.160625199
33.86,-0.087042446
33.88,-0.054793303
33.9,-0.004464281
33.92,0.097803823
33.94,0.173543945
33.96,0.165668593
33.98,0.090988058
34,0.015653792
34.02,0.00458711
34.04,0.070723777
34.06,0.163441223
34.08,0.172971193
34.1,0.037068211
34.12,-0.065592859
34.14,-0.04600156
34.16,0.011524893
34.18,-0.005301147
34.2,-0.106108731
34.22,-0.119339312
34.24,-0.081197187
34.26,-0.129593165
34.28,-0.129270199
34.3,-0.034148761
34.32,0.084399817
34.34,0.070170107
34.36,-0.024338792
34.38,-0.009363226
34.4,0.011532844
34.42,-0.013236789
34.44,-0.059806483
34.46,-0.188499144
34.48,-0.228925902
34.5,-0.095670321
34.52,-0.03953422
34.54,-0.082363364
34.56,-0.06528263
34.58,0.015304266
34.6,0.071640168
34.62,0.096558089
34.64,0.147857599
34.66,0.193494817
34.68,0.166782278
34.7,0.09423685
34.72,0.044929235
34.74,0.031140229
34.76,0.017760092
34.78,0.069851911
34.8,0.094968991
34.82,-0.032025657
34.84,-0.10639526
34.86,-0.075907844
34.88,-0.048983731
34.9,0.005551315
34.92,0.088144312
34.94,0.060393456
34.96,-0.006015994
34.98,0.046190642
35,0.01210526
35.02,-0.127934373
35.04,-0.119535168
35.06,0.034840183
35.08,0.10460081
35.1,0.096427966
35.12,0.084099235
35.14,0.00777078
35.16,-0.056821957
35.18,-0.089748777
35.2,-0.107252676
35.22,-0.05865052
35.24,0.041447049
35.26,0.13920367
35.28,0.13054945
35.3,-0.00681289
35.32,-0.077988242
35.34,-0.047023532
35.36,-0.067971621
35.38,-0.092310138
35.4,-0.075048731
35.42,-0.072107951
35.44,-0.081904297
35.46,-0.077777232
35.48,-0.025666728
35.5,0.078538502
35.52,0.159959113
35.54,0.135109878
35.56,0.049487217
35.58,0.021484541
35.6,-0.009055122
35.62,-0.018216743
35.64,0.053249618
35.66,0.133856743
35.68,0.103394205
35.7,-0.058350306
35.72,-0.097184679
35.74,0.008913196
35.76,0.047669862
35.78,0.021265031
35.8,0.02122107
35.82,-0.025194709
35.84,-0.123039602
35.86,-0.16798
35.88,-0.156625963
35.9,-0.088468869
35.92,-0.055741498
35.94,-0.088535719
35.96,-0.086214174
35.98,-0.059227936
36,-0.045397538
36.02,-0.042534434
36.04,-0.015606911
36.06,0.060042049
36.08,0.139973517
36.1,0.098098654
36.12,-0.00887792
36.14,-0.023866651
36.16,0.035898471
36.18,0.099541835
36.2,0.092241177
36.22,0.033336682
36.24,0.025634404
36.26,-0.011033563
36.28,-0.12273133
36.3,-0.136960321
36.32,-0.076698761
36.34,0.000980183
36.36,0.115782095
36.38,0.17943581
36.4,0.135969908
36.42,0.02472026
36.44,-0.064420382
36.46,-0.02252604
36.48,0.035162232
36.5,0.041163318
36.52,0.054689174
36.54,0.08113393
36.56,0.071851223
36.58,-0.007256453
36.6,-0.049360734
36.62,-0.097393502
36.64,-0.140963349
36.66,-0.098896896
36.68,-0.028195719
36.7,-0.023826835
36.72,-0.062434694
36.74,-0.046333287
36.76,0.047582966
36.78,0.165220474
36.8,0.188901957
36.82,0.102533945
36.84,0.0564263
36.86,-0.002731346
36.88,-0.13283578
36.9,-0.184684297
36.92,-0.127783119
36.94,-0.121097599
36.96,-0.083552951
36.98,0.050632706
37,0.096015703
37.02,-0.023888609
37.04,-0.095791177
37.06,-0.015561896
37.08,0.016134924
37.1,-0.04431581
37.12,-0.023398058
37.14,0.041084174
37.16,0.090963517
37.18,0.17688552
37.2,0.215703624
37.22,0.141251407
37.24,-0.002789572
37.26,-0.111689159
37.28,-0.129854648
37.3,-0.134268425
37.32,-0.150840199
37.34,-0.081661988
37.36,0.012095734
37.38,0.007472661
37.4,-0.050486804
37.42,-0.141346911
37.44,-0.174185306
37.46,-0.059488196
37.48,0.064710168
37.5,0.101518456
37.52,0.147026437
37.54,0.16314893
37.56,0.127470673
37.58,0.142323685
37.6,0.205708777
37.62,0.194598257
37.64,0.09842792
37.66,0.006566468
37.68,-0.018160229
37.7,0.014600413
37.72,0.082277966
37.74,0.074982477
37.76,-0.043905168
37.78,-0.186984144
37.8,-0.179150413
37.82,0.003960826
37.84,0.065210612
37.86,0.017387508
37.88,0.062920719
37.9,0.10129578
37.92,0.07950815
37.94,0.018084052
37.96,-0.132773991
37.98,-0.170048257
38,-0.096122064
38.02,-0.065092966
38.04,-0.046164235
38.06,-0.013710428
38.08,-0.001537232
38.1,0.010994893
38.12,-0.03571896
38.14,-0.082455581
38.16,-0.030304893
38.18,0.024745382
38.2,-0.019637905
38.22,-0.053433486
38.24,0.038146575
38.26,0.125167554
38.28,0.076233364
38.3,0.011304633
38.32,0.021358792
38.34,0.018982645
38.36,-0.027364021
38.38,-0.085544021
38.4,-0.079692095
38.42,0.025434602
38.44,0.051850443
38.46,-0.016002829
38.48,-0.021775321
38.5,-0.007600917
38.52,-0.045867859
38.54,-0.107423777
38.56,-0.12461052
38.58,-0.147121942
38.6,-0.162437416
38.62,-0.106493976
38.64,0.006501391
38.66,0.004735474
38.68,-0.053913761
38.7,-0.016597569
38.72,0.034893379
38.74,0.080996361
38.76,0.065102661
38.78,0.074175076
38.8,0.176141682
38.82,0.194035765
38.84,0.096915245
38.86,0.010565122
38.88,0.010352875
38.9,0.09673867
38.92,0.112600122
38.94,-0.003859373
38.96,-0.112896804
38.98,-0.123913517
39,-0.081121346
39.02,-0.033427752
39.04,0.023671437
39.06,-0.014843333
39.08,-0.081635245
39.1,-0.034067049
39.12,0.02743581
39.14,0.054769205
39.16,0.056870841
39.18,0.009640229
39.2,-0.024572248
39.22,0.010648563
39.24,0.05253055
39.26,0.076250428
39.28,0.044118257
39.3,-0.004438486
39.32,0.037394465
39.34,0.027192554
39.36,-0.024301254
39.38,0.044847385
39.4,0.101922691
39.42,0.07394763
39.44,0.011749358
39.46,-0.07215208
39.48,-0.013759006
39.5,0.11219396
39.52,0.056419924
39.54,-0.012615581
39.56,0.050442003
39.58,0.124852431
39.6,0.10702555
39.62,-0.016325443
39.64,-0.093474343
39.66,-0.03159
39.68,0.065930428
39.7,0.069877309
39.72,-0.01793237
39.74,-0.108349786
39.76,-0.129373976
39.78,-0.116571896
39.8,-0.058298593
39.82,0.107761208
39.84,0.256380642
39.86,0.219451896
39.88,0.045223502
39.9,-0.182950443
39.92,-0.29231974
39.94,-0.243013624
39.96,-0.102192294
39.98,-0.018866391
40,-0.085096927
40.02,-0.160780765
40.04,-0.150452248
40.06,-0.08673633
40.08,-0.048230306
40.1,-0.01412318
40.12,0.001879679
40.14,-0.074047844
40.16,-0.15336841
40.18,-0.123936865
40.2,-0.017022217
40.22,0.107331284
40.24,0.156924878
40.26,0.081285734
40.28,0.000140092
40.3,0.00124818
40.32,0.028175979
40.34,0.016966437
40.36,0.00282526
40.38,0.077696009
40.4,0.138603716
40.42,0.121854266
40.44,0.143095596
40.46,0.089686697
40.48,-0.103601651
40.5,-0.126350428
40.52,0.06962396
40.54,0.157480489
40.56,0.100675398
40.58,0.091582232
40.6,0.17010581
40.62,0.162504251
40.64,-0.022203639
40.66,-0.16096737
40.68,-0.106771315
40.7,-0.029706131
40.72,-0.079762462
40.74,-0.111677477
40.76,-0.0405887
40.78,0.009947416
40.8,0.011752829
40.82,0.013278807
40.84,0.032940199
40.86,0.066812859
40.88,0.103722018
40.9,0.08151893
40.92,-0.04001448
40.94,-0.117543823
40.96,-0.048538945
40.98,0.076985719
41,0.047114434
41.02,-0.114648272
41.04,-0.110826697
41.06,0.077543379
41.08,0.123088257
41.1,0.056324587
41.12,0.079054343
41.14,0.137929893
41.16,0.16002893
41.18,0.097335367
41.2,-0.044249235
41.22,-0.118569404
41.24,-0.144510596
41.26,-0.125732003
41.28,-0.070372691
41.3,-0.141973502
41.32,-0.213162156
41.34,-0.171217217
41.36,-0.124872401
41.38,-0.101010199
41.4,-0.023544113
41.42,0.112660321
41.44,0.21390685
41.46,0.204099067
41.48,0.103693257
41.5,-0.026473012
41.52,-0.16035555
41.54,-0.186189618
41.56,-0.071879709
41.58,0.004850673
41.6,-0.125289358
41.62,-0.245223242
41.64,-0.188213777
41.66,-0.074904587
41.68,0.043722171
41.7,0.047022232
41.72,-0.022711437
41.74,0.065561789
41.76,0.151865459
41.78,0.025735535
41.8,-0.145712187
41.82,-0.066456911
41.84,0.131336453
41.86,0.120285352
41.88,-0.064185917
41.9,-0.156328303
41.92,-0.13882052
41.94,-0.035471208
41.96,0.089862477
41.98,0.134545612
42,0.171975199
42.02,0.217468318
42.04,0.243064251
42.06,0.288919006
42.08,0.304012309
42.1,0.173497615
42.12,-0.003161453
42.14,-0.066210367
42.16,-0.113995015
42.18,-0.18030396
42.2,-0.245459939
42.22,-0.24902919
42.24,-0.135794862
42.26,-0.003348242
42.28,0.044207125
42.3,0.028933073
42.32,0.020218792
42.34,0.056064281
42.36,0.088290734
42.38,0.039939052
42.4,0.051671453
42.42,0.105500092
42.44,0.108680382
42.46,0.108721009
42.48,0.04993896
42.5,-0.0273363
42.52,-0.011486774
42.54,0.001779021
42.56,-0.135106911
42.58,-0.269574067
42.6,-0.213741911
42.62,-0.051699511
42.64,0.092948914
42.66,0.071912355
42.68,-0.00654763
42.7,0.030584388
42.72,0.041887462
42.74,0.069637187
42.76,0.141565856
42.78,0.10087133
42.8,-0.009428685
42.82,-0.028139771
42.84,-0.057691743
42.86,-0.153490933
42.88,-0.20862922
42.9,-0.188357309
42.92,-0.063997936
42.94,0.132288135
42.96,0.136447049
42.98,-0.166567217
43,-0.262526667
43.02,-0.021705015
43.04,0.100875443
43.06,0.001536193
43.08,-0.002359939
43.1,0.112188838
43.12,0.170149159
43.14,0.135644343
43.16,-0.054067125
43.18,-0.186252477
43.2,-0.129089281
43.22,-0.051802997
43.24,0.001274801
43.26,-0.053577248
43.28,-0.177174602
43.3,-0.155541529
43.32,0.029424174
43.34,0.192909572
43.36,0.134763165
43.38,0.041243502
43.4,0.035836575
43.42,0.084908456
43.44,0.148209327
43.46,0.134363471
43.48,0.092272339
43.5,-0.016694572
43.52,-0.089860214
43.54,-0.011428853
43.56,0.096177737
43.58,0.199502278
43.6,0.347523104
43.62,0.318353609
43.64,0.046482615
43.66,-0.198114419
43.68,-0.190461024
43.7,-0.005488119
43.72,0.093878119
43.74,-0.002392768
43.76,-0.089544878
43.78,-0.061287722
43.8,-0.041100306
43.82,-0.023918272
43.84,-0.016570581
43.86,-0.017224557
43.88,0.048043609
43.9,0.05915685
43.92,-0.021681315
43.94,0.03271685
43.96,0.160077018
43.98,0.099170703
44,-0.090152523
44.02,-0.151533807
44.04,-0.069576315
44.06,0.054124648
44.08,0.231961208
44.1,0.334226667
44.12,0.212310015
44.14,0.006084281
44.16,-0.138003471
44.18,-0.233837997
44.2,-0.252805627
44.22,-0.20950292
44.24,-0.036270902
44.26,0.099386728
44.28,-0.025424725
44.3,-0.201776758
44.32,-0.226058211
44.34,-0.109414526
44.36,0.078842263
44.38,0.115370826
44.4,-0.00268896
44.42,-0.037561468
44.44,-0.018941116
44.46,-0.096721713
44.48,-0.113766988
44.5,0.007542676
44.52,0.160785122
44.54,0.085249526
44.56,-0.078933746
44.58,-0.002583058
44.6,0.120110963
44.62,0.058849266
44.64,-0.121699572
44.66,-0.179647049
44.68,-0.053734327
44.7,-0.000939939
44.72,-0.105949205
44.74,-0.118158945
44.76,0.031580306
44.78,0.125187477
44.8,0.029085734
44.82,-0.113754893
44.84,-0.185602706
44.86,-0.144372232
44.88,-0.028559297
44.9,0.11557922
44.92,0.082785398
44.94,-0.056114113
44.96,0.050213578
44.98,0.286320061
45,0.294076239
45.02,0.19745367
45.04,0.263880505
45.06,0.326618272
45.08,0.197941972
45.1,0.125703425
45.12,0.253175459
45.14,0.350376437
45.16,0.347041223
45.18,0.298774174
45.2,0.191149465
45.22,0.059135642
45.24,-0.105494893
45.26,-0.24248792
45.28,-0.288836651
45.3,-0.322888349
45.32,-0.303839587
45.34,-0.238201988
45.36,-0.201583609
45.38,-0.164876147
45.4,-0.125536391
45.42,-0.110178578
45.44,-0.104602615
45.46,-0.117424083
45.48,-0.187691223
45.5,-0.191368746
45.52,-0.005460122
45.54,0.182369755
45.56,0.123118807
45.58,-0.049152645
45.6,-0.021474205
45.62,0.07886208
45.64,0.00254893
45.66,-0.131079908
45.68,-0.082558976
45.7,0.156418914
45.72,0.385525306
45.74,0.435071239
45.76,0.248950505
45.78,-0.029625199
45.8,-0.012112125
45.82,0.213661407
45.84,0.347343777
45.86,0.33993289
45.88,0.186615872
45.9,-0.074582554
45.92,-0.218699633
45.94,-0.184616758
45.96,-0.138711116
45.98,-0.150876606
46,-0.005272232
46.02,-0.050085183
46.04,-0.311526636
46.06,-0.417112309
46.08,-0.459847829
46.1,-0.361946177
46.12,-0.169931804
46.14,-0.121333058
46.16,-0.086256758
46.18,0.041643211
46.2,0.086311728
46.22,0.066646239
46.24,0.112319679
46.26,0.105784174
46.28,0.040427875
46.3,0.111318165
46.32,0.279740933
46.34,0.321102859
46.36,0.130790887
46.38,-0.134316147
46.4,-0.155403991
46.42,-0.015074618
46.44,0.00360185
46.46,-0.059975076
46.48,-0.048062737
46.5,0.006243073
46.52,0.085770535
46.54,0.123766422
46.56,0.098794908
46.58,0.106918838
46.6,0.03679107
46.62,-0.133642034
46.64,-0.188223807
46.66,-0.175144358
46.68,-0.215664281
46.7,-0.212716621
46.72,-0.029557202
46.74,0.220565673
46.76,0.219359434
46.78,0.006265336
46.8,-0.038662202
46.82,0.092437661
46.84,0.150808807
46.86,0.079891911
46.88,-0.092492951
46.9,-0.143224908
46.92,-0.089478287
46.94,-0.080812003
46.96,-0.095112706
46.98,-0.076642661
47,0.029985336
47.02,0.143898425
47.04,0.099187905
47.06,-0.055996147
47.08,-0.108518257
47.1,-0.089133211
47.12,-0.054451239
47.14,0.022623578
47.16,0.141090719
47.18,0.252978333
47.2,0.213614327
47.22,0.069675291
47.24,-0.050304113
47.26,-0.12043419
47.28,-0.167227844
47.3,-0.205261713
47.32,-0.146116514
47.34,0.122932905
47.36,0.295053792
47.38,0.198189541
47.4,0.035824755
47.42,-0.067680979
47.44,-0.05799526
47.46,-0.090304648
47.48,-0.263604878
47.5,-0.213957477
47.52,0.053385489
47.54,0.096203869
47.56,-0.071103761
47.58,-0.191292477
47.6,-0.181363028
47.62,-0.090214205
47.64,-0.055116315
47.66,-0.081969541
47.68,-0.047220321
47.7,0.034538349
47.72,0.085248639
47.74,0.041982248
47.76,-0.003865734
47.78,0.105681667
47.8,0.233136514
47.82,0.112459541
47.84,-0.075761055
47.86,-0.030124725
47.88,0.10468182
47.9,0.136395902
47.92,0.199314205
47.94,0.330910612
47.96,0.278050214
47.98,0.080733807
48,0.083916774
48.02,0.145009801
48.04,0.010579052
48.06,-0.135983073
48.08,-0.037362554
48.1,0.105605
48.12,-0.028819052
48.14,-0.241766927
48.16,-0.158527187
48.18,-0.051481621
48.2,-0.12428185
48.22,-0.216122783
48.24,-0.182372095
48.26,-0.116257936
48.28,-0.059109465
48.3,-0.062486544
48.32,-0.209105749
48.34,-0.282311483
48.36,0.035846086
48.38,0.45015555
48.4,0.211142844
48.42,-0.299081651
48.44,-0.398084235
48.46,-0.044978838
48.48,0.414584281
48.5,0.465357294
48.52,0.116515321
48.54,-0.092821881
48.56,0.019810229
48.58,0.155374281
48.6,0.036903899
48.62,-0.245687798
48.64,-0.282703425
48.66,-0.024577049
48.68,0.161983792
48.7,0.046009235
48.72,-0.178095214
48.74,-0.143855275
48.76,0.02741581
48.78,0.061075443
48.8,-0.029993257
48.82,-0.217456162
48.84,-0.297594495
48.86,-0.162845917
48.88,0.106022661
48.9,0.206575413
48.92,0.061053639
48.94,-0.048791177
48.96,-0.000290413
48.98,0.075960872
49,0.018166743
49.02,-0.101317217
49.04,-0.098126544
49.06,-0.043704633
49.08,-0.059275963
49.1,-0.097541804
49.12,-0.070051514
49.14,-0.06918344
49.16,-0.03862737
49.18,0.080152706
49.2,0.085057339
49.22,-0.022164633
49.24,-0.07090789
49.26,-0.020365841
49.28,0.100742599
49.3,0.128761575
49.32,0.011310168
49.34,-0.011122477
49.36,0.076714755
49.38,0.126498746
49.4,0.151414465
49.42,0.128615856
49.44,0.023663578
49.46,-0.007842569
49.48,0.007725229
49.5,0.013603089
49.52,-0.023597554
49.54,-0.090490153
49.56,-0.091758593
49.58,-0.021528425
49.6,0.054105138
49.62,0.027364174
49.64,-0.023711544
49.66,-0.016339373
49.68,-0.01532919
49.7,0.026485352
49.72,0.052217997
49.74,-0.045646453
49.76,-0.105659419
49.78,-0.058955443
49.8,-0.036013547
49.82,-0.031479939
49.84,-0.044059939
49.86,-0.055188287
49.88,0.021642982
49.9,0.101363731
49.92,0.096949985
49.94,0.031377171
49.96,-0.019723333
49.98,0.026548807
50,0.057317202
50.02,-0.043515138
50.04,-0.065055428
50.06,0.091708456
50.08,0.217235398
50.1,0.172783028
50.12,0.034428593
50.14,-0.106439144
50.16,-0.179317278
50.18,-0.046263593
50.2,0.041596728
50.22,-0.008320398
50.24,-0.003600398
50.26,-0.006555153
50.28,-0.04739367
50.3,-0.086015015
50.32,-0.088866498
50.34,-0.045546116
50.36,-0.056305413
50.38,-0.086054725
50.4,-0.13546818
50.42,-0.154273257
50.44,-0.072576606
50.46,-0.014199771
50.48,-0.043294679
50.5,-0.033574297
50.52,0.088946239
50.54,0.159959373
50.56,0.10180737
50.58,0.076347875
50.6,0.098202416
50.62,0.064249465
50.64,0.077688058
50.66,0.150158486
50.68,0.175413578
50.7,0.064109939
50.72,-0.028751804
50.74,-0.002992355
50.76,-0.010083746
50.78,-0.042157783
50.8,-0.051055306
50.82,0.005115657
50.84,0.111267263
50.86,0.129632997
50.88,0.070260489
50.9,0.078412401
50.92,0.104750031
50.94,0.060114709
50.96,0.025666101
50.98,0.028509572
51,-0.047182554
51.02,-0.186529511
51.04,-0.145637492
51.06,0.043097844
51.08,0.149408624
51.1,0.148872018
51.12,0.131483073
51.14,0.139002324
51.16,0.119688012
51.18,-0.002053425
51.2,-0.164854755
51.22,-0.199700352
51.24,-0.12030289
51.26,-0.033782737
51.28,0.038319893
51.3,0.032626116
51.32,-0.03339208
51.34,-0.092212278
51.36,-0.134643272
51.38,-0.110295612
51.4,-0.086125596
51.42,-0.100413578
51.44,-0.09368315
51.46,-0.098692966
51.48,-0.153305474
51.5,-0.130361911
51.52,0.099164006
51.54,0.324372385
51.56,0.289810994
51.58,0.138545627
51.6,0.047067248
51.62,-0.041636239
51.64,-0.166776713
51.66,-0.25241396
51.68,-0.189373609
51.7,-0.102377141
51.72,-0.003240566
51.74,0.109443593
51.76,0.11013315
51.78,0.063036422
51.8,0.034054526
51.82,0.032578792
51.84,0.104618639
51.86,0.098184771
51.88,0.026525413
51.9,0.036018685
51.92,0.070476269
51.94,0.066451942
51.96,0.025075382
51.98,0.018178119
52,0.010985076
52.02,-0.0576163
52.04,-0.08467081
52.06,-0.042165107
52.08,-0.002287798
52.1,0.011289939
52.12,-0.016584404
52.14,-0.055288761
52.16,-0.00950133
52.18,0.093329862
52.2,0.129390734
52.22,0.02922737
52.24,-0.014322355
52.26,0.054941636
52.28,0.061083135
52.3,-0.010594205
52.32,-0.039567309
52.34,-0.026251116
52.36,0.00341659
52.38,-0.000671713
52.4,-0.057425122
52.42,-0.073563945
52.44,-0.069249251
52.46,-0.08632682
52.48,-0.085435826
52.5,0.001613685
52.52,0.048367248
52.54,-0.010705948
52.56,-0.000381544
52.58,0.041987966
52.6,-0.010917569
52.62,-0.083619312
52.64,-0.088092844
52.66,-0.047503502
52.68,-0.023294847
52.7,0.015252171
52.72,0.01627344
52.74,-0.07710711
52.76,-0.145296116
52.78,-0.13788182
52.8,-0.016458012
52.82,0.086745917
52.84,0.055349847
52.86,0.045505153
52.88,0.075011713
52.9,0.027658058
52.92,-0.010586606
52.94,0.040324266
52.96,0.082327844
52.98,0.070094939
53,0.056026009
53.02,0.062060673
53.04,0.065116972
53.06,0.037130061
53.08,0.022190749
53.1,0.035225566
53.12,0.107330214
53.14,0.150507661
53.16,-0.002870795
53.18,-0.120122905
53.2,-0.116965031
53.22,-0.002364511
53.24,0.100414694
53.26,0.063366911
53.28,0.029986315
53.3,-0.005355168
53.32,-0.042720382
53.34,0.010405612
53.36,0.090630092
53.38,0.082870612
53.4,-0.025903303
53.42,-0.112810765
53.44,-0.11316422
53.46,-0.095324817
53.48,-0.105516865
53.5,-0.060699205
53.52,-0.00483552
53.54,-0.011113532
53.56,-0.041843425
53.58,-0.054087706
53.6,0.027103043
53.62,0.115149312
53.64,0.133052584
53.66,0.102036453
53.68,-0.035309526
53.7,-0.127163028
53.72,-0.113424847
53.74,-0.121640566
53.76,-0.152018563
53.78,-0.163459144
53.8,-0.102401988
53.82,-0.007514557
53.84,0.014627141
53.86,0.044115031
53.88,0.136409511
53.9,0.155701957
53.92,0.072091514
53.94,-0.004602003
53.96,0.04757344
53.98,0.128266529
54,0.057060917
54.02,-0.026035642
54.04,-0.007963654
54.06,0.001343242
54.08,-0.003406223
54.1,0.013412202
54.12,0.007543089
54.14,0.008957431
54.16,0.076500963
54.18,0.098041315
54.2,-0.021048135
54.22,-0.062742844
54.24,-0.020203242
54.26,-0.079013777
54.28,-0.139310291
54.3,-0.053617049
54.32,0.068220015
54.34,0.072235566
54.36,-0.013686774
54.38,-0.113848731
54.4,-0.11814292
54.42,-0.022425031
54.44,0.017352431
54.46,-0.029027966
54.48,-0.013542355
54.5,0.078801804
54.52,0.116697125
54.54,0.058616636
54.56,0.076102875
54.58,0.110533028
54.6,0.089011651
54.62,0.110300336
54.64,0.128193899
54.66,0.054919587
54.68,-0.020214526
54.7,-0.03543081
54.72,-0.054433578
54.74,-0.109779083
54.76,-0.147198991
54.78,-0.124400352
54.8,-0.062848639
54.82,-0.038011911
54.84,-0.044145153
54.86,-0.014079312
54.88,0.035154006
54.9,0.035440428
54.92,-0.01789708
54.94,-0.054295413
54.96,-0.058353899
54.98,-0.004387156
55,0.090975596
55.02,0.116463211
55.04,0.081382278
55.06,0.071516774
55.08,0.061169235
55.1,-0.052751024
55.12,-0.103783089
55.14,-0.05857682
55.16,-0.094349801
55.18,-0.141771927
55.2,-0.132684083
55.22,-0.103255581
55.24,-0.055185596
55.26,0.0186487
55.28,0.068513303
55.3,0.068104541
55.32,0.080673379
55.34,0.149776055
55.36,0.165510917
55.38,0.068176498
55.4,-0.007397462
55.42,0.042227737
55.44,0.101109878
55.46,0.057754113
55.48,0.021206131
55.5,0.036535183
55.52,0.032293593
55.54,0.026451453
55.56,0.039010535
55.58,0.031973563
55.6,0.016927569
55.62,0.01401659
55.64,-0.031182294
55.66,-0.059341147
55.68,-0.021627156
55.7,0.039071713
55.72,0.066934358
55.74,-0.020873486
55.76,-0.115686422
55.78,-0.103724006
55.8,-0.08737685
55.82,-0.063176621
55.84,-0.012282783
55.86,-0.022048502
55.88,-0.076951697
55.9,-0.054519021
55.92,-0.031050581
55.94,-0.085656239
55.96,-0.10539081
55.98,-0.089530413
56,-0.122530535
56.02,-0.143418532
56.04,-0.087040627
56.06,0.019785627
56.08,0.124922294
56.1,0.181561162
56.12,0.170742554
56.14,0.125495168
56.16,0.105372554
56.18,0.05777055
56.2,0.027316131
56.22,0.040214297
56.24,0.054541162
56.26,0.08854844
56.28,0.00919867
56.3,-0.102682156
56.32,-0.053360107
56.34,-0.02319182
56.36,-0.096467401
56.38,-0.123095474
56.4,-0.059036193
56.42,-0.011837768
56.44,-0.016634786
56.46,0.03203974
56.48,0.139757049
56.5,0.16651263
56.52,0.045587202
56.54,-0.065803502
56.56,-0.070325
56.58,-0.054120826
56.6,-0.071763135
56.62,-0.094957997
56.64,-0.086129648
56.66,0.004505703
56.68,0.103949327
56.7,0.123251055
56.72,0.081234862
56.74,-0.035223226
56.76,-0.090322049
56.78,-0.052230917
56.8,-0.049539067
56.82,-0.10320763
56.84,-0.083812095
56.86,-0.050813716
56.88,-0.077699771
56.9,-0.077598058
56.92,-0.007402599
56.94,0.072766697
56.96,0.118467446
56.98,0.136964052
57,0.084046407
57.02,0.047399694
57.04,-0.003474801
57.06,-0.05348922
57.08,-0.010047492
57.1,0.057393853
57.12,0.083385612
57.14,0.069337202
57.16,0.016729847
57.18,0.001176177
57.2,0.028337554
57.22,0.032400887
57.24,-0.004701055
57.26,-0.045644587
57.28,-0.028869297
57.3,0.006534771
57.32,-0.013108058
57.34,-0.049133486
57.36,-0.061606713
57.38,-0.062449878
57.4,-0.054141713
57.42,0.003926529
57.44,0.083506728
57.46,0.06440711
57.48,-0.02928552
57.5,-0.04467815
57.52,0.056557508
57.54,0.120185612
57.56,0.077945229
57.58,0.042388532
57.6,0.074079343
57.62,0.094343731
57.64,0.053143823
57.66,-0.005430367
57.68,-0.057715413
57.7,-0.057856942
57.72,-0.058292798
57.74,-0.059078685
57.76,-0.024824878
57.78,-0.008627722
57.8,-0.01114604
57.82,-0.015007661
57.84,-0.008733792
57.86,0.007801575
57.88,-0.010222783
57.9,-0.072832584
57.92,-0.048070627
57.94,0.042729679
57.96,0.026740291
57.98,-0.036100229
58,-0.025563242
58.02,-0.003084847
58.04,-0.051324495
58.06,-0.135835765
58.08,-0.139186422
58.1,-0.060948547
58.12,-0.010942278
58.14,0.012613196
58.16,0.060506514
58.18,0.08832474
58.2,0.084485657
58.22,0.089220382
58.24,0.11172633
58.26,0.13672055
58.28,0.131471881
58.3,0.073544327
58.32,0.026252462
58.34,0.017032722
58.36,-0.023526116
58.38,-0.10665
58.4,-0.149471193
58.42,-0.088646514
58.44,-0.028911636
58.46,-0.05034211
58.48,-0.021510398
58.5,0.047530122
58.52,0.056153242
58.54,7.28E-05
58.56,-0.063887661
58.58,-0.070809985
58.6,-0.047215749
58.62,-0.059200566
58.64,-0.030314725
58.66,0.066819312
58.68,0.086918196
58.7,0.020623746
58.72,-0.009650153
58.74,0.012793823
58.76,0.015174587
58.78,-0.008361391
58.8,0.004862034
58.82,0.038998073
58.84,0.051014725
58.86,0.041373394
58.88,0.033728746
58.9,0.062702064
58.92,0.071204251
58.94,0.051937492
58.96,0.065849006
58.98,0.068525046
59,0.00910104
59.02,-0.026279786
59.04,-0.013653135
59.06,-0.005155719
59.08,-0.058756437
59.1,-0.127345107
59.12,-0.124144052
59.14,-0.054373287
59.16,-0.012777156
59.18,-0.011559251
59.2,0.01614844
59.22,0.045193333
59.24,0.045880642
59.26,0.013555933
59.28,-0.062021116
59.3,-0.112778104
59.32,-0.053752798
59.34,0.002257446
59.36,-0.011527905
59.38,0.007572737
59.4,0.043872829
59.42,0.036271131
59.44,-0.030050398
59.46,-0.101437615
59.48,-0.12270581
59.5,-0.080710336
59.52,0.00921893
59.54,0.038568502
59.56,0.049057829
59.58,0.100840994
59.6,0.101902171
59.62,0.014899511
59.64,-0.040477676
59.66,0.000100673
59.68,0.06229318
59.7,0.022300749
59.72,-0.058611651
59.74,-0.060081713
59.76,-0.016549358
59.78,0.007486346
59.8,0.002952859
59.82,0.017220749
59.84,0.051694083
59.86,0.068822554
59.88,0.04746367
59.9,-0.005289373
59.92,-0.030020168
59.94,-0.010270719
59.96,0.012169235
59.98,0.013571682
60,-0.008593196
60.02,-0.03949922
60.04,-0.018670138
60.06,0.044276927
60.08,0.062589098
60.1,0.049517615
60.12,0.03924945
60.14,0.031116361
60.16,0.007521667
60.18,-0.015016453
60.2,-0.025379297
60.22,-0.087290627
60.24,-0.108528609
60.26,-0.049819908
60.28,-0.028798303
60.3,0.005471055
60.32,0.081182859
60.34,0.109137951
60.36,0.066171988
60.38,-0.018673318
60.4,-0.046999098
60.42,-0.022205291
60.44,-0.026475474
60.46,-0.021007278
60.48,0.021987324
60.5,0.059220994
60.52,0.062862752
60.54,0.004284664
60.56,-0.036956835
60.58,-0.005041804
60.6,0.015253196
60.62,0.033827385
60.64,0.065236483
60.66,0.035155856
60.68,-0.026373654
60.7,-0.021950734
60.72,0.009489862
60.74,-0.012781131
60.76,-0.038854878
60.78,0.008845688
60.8,0.046273609
60.82,0.009890642
60.84,-0.023993547
60.86,-0.014662936
60.88,0.022206881
60.9,0.049613073
60.92,0.030158593
60.94,0.008005015
60.96,0.036325229
60.98,0.074546896
61,0.043578502
61.02,0.003758211
61.04,-0.006805734
61.06,-0.012443196
61.08,-0.003851437
61.1,0.003035275
61.12,-0.00564289
61.14,-0.038073716
61.16,-0.037220948
61.18,0.047337982
61.2,0.098287477
61.22,0.001790015
61.24,-0.070593318
61.26,-0.035913165
61.28,-0.011712462
61.3,-0.012926376
61.32,-0.002425443
61.34,0.040573135
61.36,0.086135581
61.38,0.055308777
61.4,-0.018068746
61.42,-0.040076758
61.44,-0.060403089
61.46,-0.077025642
61.48,-0.073929587
61.5,-0.069882141
61.52,-0.04082292
61.54,-0.059205092
61.56,-0.089898242
61.58,-0.031418639
61.6,0.025431789
61.62,0.038412584
61.64,0.043554633
61.66,0.043158471
61.68,0.064089388
61.7,0.06531922
61.72,0.022415291
61.74,0.018316942
61.76,0.051089511
61.78,0.062439541
61.8,0.027463471
61.82,-0.004204954
61.84,0.007525642
61.86,0.026014098
61.88,0.024057187
61.9,0.010656697
61.92,0.001974557
61.94,-0.029293104
61.96,-0.089513226
61.98,-0.114213165
62,-0.077032003
62.02,-0.015362171
62.04,0.011324587
62.06,-0.009190443
62.08,-6.04E-05
62.1,0.035065168
62.12,0.052581835
62.14,0.011760673
62.16,-0.018328073
62.18,0.012534526
62.2,0.033163945
62.22,0.010719541
62.24,-0.026943226
62.26,-0.04680182
62.28,-0.036683196
62.3,-0.006424694
62.32,0.011359908
62.34,-0.005725459
62.36,-0.003765046
62.38,0.016329801
62.4,-0.010667508
62.42,-0.037044343
62.44,-0.023796269
62.46,-0.014788624
62.48,-0.026632982
62.5,-0.041204755
62.52,-0.043427355
62.54,-0.029418792
62.56,-0.016977339
62.58,-0.009972095
62.6,-0.02014656
62.62,-0.024071514
62.64,0.018164205
62.66,0.028893761
62.68,0.001310673
62.7,0.014424297
62.72,0.062180214
62.74,0.062725917
62.76,0.011410979
62.78,-0.014914312
62.8,-0.016293211
62.82,0.00776922
62.84,0.05126292
62.86,0.037535963
62.88,-0.012431422
62.9,-0.014368287
62.92,-0.012278211
62.94,-0.022806682
62.96,-0.00361581
62.98,0.027302783
63,0.004728547
63.02,-0.046260887
63.04,-0.031531606
63.06,0.013277034
63.08,0.020423394
63.1,0.034027844
63.12,0.029038547
63.14,-0.011763532
63.16,-0.032996896
63.18,-0.037240031
63.2,-0.025458838
63.22,-0.008483257
63.24,-0.011414006
63.26,-0.016654358
63.28,-0.003486147
63.3,-0.000504327
63.32,-0.006994266
63.34,0.000953165
63.36,0.008566789
63.38,0.002701315
63.4,-0.009390749
63.42,-0.019039235
63.44,-0.020197477
63.46,-0.015428991
63.48,-0.024967232
63.5,-0.006153593
63.52,0.030044037
63.54,0.015009618
63.56,-0.009783563
63.58,0.010519235
63.6,0.057532966
63.62,0.072685443
63.64,0.024559939
63.66,-0.004578196
63.68,0.007568914
63.7,-0.003949602
63.72,-0.019133104
63.74,0.007179924
63.76,0.050967003
63.78,0.05633815
63.8,0.022017554
63.82,-0.000889327
63.84,-0.022245061
63.86,-0.046645902
63.88,-0.039852416
63.9,-0.006239985
63.92,-0.00477867
63.94,-0.05863552
63.96,-0.084379144
63.98,-0.055288104
64,-0.062595459
64.02,-0.104775489
64.04,-0.095563716
64.06,-0.080513058
64.08,-0.103900443
64.1,-0.093264755
64.12,-0.041290673
64.14,-0.020378838
64.16,-0.013904679
64.18,0.018404434
64.2,0.041849098
64.22,0.047613211
64.24,0.02533315
64.26,0.052947768
64.28,0.097517446
64.3,0.083142951
64.32,0.075576254
64.34,0.057779572
64.36,0.011980703
64.38,0.016565275
64.4,0.042380489
64.42,0.022741453
64.44,-0.001533609
64.46,0.014381009
64.48,0.031709801
64.5,-0.016764144
64.52,-0.039346498
64.54,-0.027407783
64.56,-0.042320031
64.58,-0.066453578
64.6,-0.082643379
64.62,-0.069266437
64.64,-0.030868165
64.66,-0.006538609
64.68,0.004610657
64.7,0.036961621
64.72,0.054966713
64.74,0.048458028
64.76,0.037123899
64.78,0.056963394
64.8,0.09054737
64.82,0.081760382
64.84,0.034675382
64.86,0.021995275
64.88,0.003235734
64.9,-0.035688838
64.92,-0.025812034
64.94,-0.008868272
64.96,0.020332706
64.98,0.051317018
65,0.011485596
65.02,-0.02530133
65.04,-0.004244251
65.06,0.000646743
65.08,-0.024071514
65.1,-0.032392324
65.12,-0.007544266
65.14,-0.008608945
65.16,-0.016910505
65.18,0.000921743
65.2,0.007502095
65.22,-0.005022248
65.24,-0.037488226
65.26,-0.062178624
65.28,-0.044603089
65.3,-0.025498609
65.32,-0.02669185
65.34,-0.020253165
65.36,-0.015511407
65.38,-0.030510199
65.4,-0.02529815
65.42,0.018926284
65.44,0.033017584
65.46,0.018105336
65.48,0.021086835
65.5,0.031607966
65.52,0.015701055
65.54,-0.014328991
65.56,-0.018991514
65.58,-0.006063226
65.6,0.013591407
65.62,0.019129924
65.64,0.012872446
65.66,0.029784709
65.68,0.036867752
65.7,0.003860352
65.72,0.005757752
65.74,0.027466651
65.76,0.007384205
65.78,-0.026905046
65.8,-0.020752722
65.82,0.004296437
65.84,0.010149969
65.86,0.010904251
65.88,0.029399694
65.9,0.041083838
65.92,0.017359174
65.94,-0.008919343
65.96,-0.012953914
65.98,-0.005803884
66,-0.010659709
66.02,-0.021066147
66.04,-0.025734083
66.06,-0.025587706
66.08,-0.015916147
66.1,-0.020383624
66.12,-0.052087049
66.14,-0.044884694
66.16,0.013347829
66.18,0.060706972
66.2,0.051089511
66.22,-0.001734006
66.24,-0.014328991
66.26,0.002941086
66.28,-0.009677446
66.3,-0.010722554
66.32,0.023891728
66.34,0.04158659
66.36,0.008519526
66.38,-0.038670321
66.4,-0.075996269
66.42,-0.07875026
66.44,-0.01255711
66.46,0.033092355
66.48,0.026944817
66.5,0.011748899
66.52,0.0119963
66.54,0.022709633
66.56,0.019864954
66.58,0.01927948
66.6,0.031477508
66.62,-0.007465673
66.64,-0.003293639
66.66,0.031572966
66.68,0.016792783
66.7,-0.000700749
66.72,-0.009363226
66.74,-0.003894709
66.76,-0.029654251
66.78,-0.069010291
66.8,-0.077927722
66.82,-0.035151086
66.84,-0.012675015
66.86,-0.04443763
66.88,-0.035948165
66.9,0.032907798
66.92,0.047757997
66.94,0.002190612
66.96,-0.010522095
66.98,0.002060948
67,0.009796284
67.02,-0.008231728
67.04,-0.020386804
67.06,0.008012798
67.08,-0.002327125
67.1,-0.051493609
67.12,-0.054713761
67.14,-0.020790902
67.16,-0.004821774
67.18,-0.014615688
67.2,-0.000288257
67.22,0.048873272
67.24,0.01233422
67.26,-0.021879144
67.28,0.020862508
67.3,0.042937324
67.32,0.028511927
67.34,0.001625031
67.36,0.035190856
67.38,0.086830841
67.4,0.054102813
67.42,0.007030688
67.44,0.019947691
67.46,0.047765948
67.48,0.046127248
67.5,0.013995994
67.52,0.01632185
67.54,0.038022798
67.56,0.032648471
67.58,0.033423272
67.6,0.041059969
67.62,0.028177829
67.64,-0.009033257
67.66,-0.020649312
67.68,-0.039149205
67.7,-0.066507676
67.72,-0.051638394
67.74,-0.041157018
67.76,-0.037739602
67.78,-0.00299104
67.8,0.026316376
67.82,0.046100199
67.84,0.062918425
67.86,0.037426177
67.88,-0.002209388
67.9,-0.032632569
67.92,-0.042440948
67.94,-0.027060948
67.96,-0.02446448
67.98,-0.03938945
68,-0.038547813
68.02,-0.002134618
68.04,0.020957966
68.06,0.003860352
68.08,-0.00870711
68.1,-0.020488624
68.12,-0.028440336
68.14,-0.021982554
68.16,-0.014678532
68.18,-0.006684021
68.2,-0.004362141
68.22,-0.036670459
68.24,-0.07192974
68.26,-0.072739541
68.28,-0.06476396
68.3,-0.043930107
68.32,0.018533303
68.34,0.058710291
68.36,0.035030168
68.38,-0.004621468
68.4,0.018407615
68.42,0.079575979
68.44,0.096645581
68.46,0.088191131
68.48,0.03581133
68.5,-0.003741498
68.52,0.005651789
68.54,0.017068012
68.56,0.008122737
68.58,-0.002547156
68.6,-0.004051743
68.62,-0.008243654
68.64,-0.009653899
68.66,-0.025325199
68.68,-0.031929343
68.7,-0.029065581
68.72,-0.03852555
68.74,-0.042897554
68.76,-0.024173333
68.78,-0.003808165
68.8,0.007604235
68.82,0.020910229
68.84,0.029945398
68.86,0.010837431
68.88,-0.028370336
68.9,-0.038945566
68.92,-0.028028272
68.94,-0.008153287
68.96,0.024485153
68.98,0.041174526
69,0.027372783
69.02,0.01257
69.04,0.004237416
69.06,-0.013331131
69.08,-0.012219358
69.1,-0.00294792
69.12,-0.010706804
69.14,-0.010844266
69.16,-0.000767538
69.18,0.029356743
69.2,0.058428685
69.22,0.064407584
69.24,0.035787477
69.26,0.009222737
69.28,0.009486055
69.3,-0.024766758
69.32,-0.064202355
69.34,-0.059311682
69.36,-0.020100428
69.38,0.023979235
69.4,0.007843838
69.42,-0.032938028
69.44,-0.017488043
69.46,0.013453792
69.48,0.027694159
69.5,0.048241651
69.52,0.050177875
69.54,0.034444679
69.56,0.0402263
69.58,0.042969144
69.6,0.013842783
69.62,0.001408884
69.64,0.015543853
69.66,0.019166514
69.68,-0.007131881
69.7,-0.040835642
69.72,-0.04840552
69.74,-0.038584419
69.76,-0.025030872
69.78,0.010672446
69.8,0.043942829
69.82,0.037052294
69.84,-0.014918287
69.86,-0.023381024
69.88,0.008884985
69.9,-0.007265367
69.92,-0.047737309
69.94,-0.052670933
69.96,-0.041836376
69.98,-0.036956835
70,-0.03211708
70.02,-0.01109182
70.04,0.03869896
70.06,0.070111239
70.08,0.06775818
70.1,0.031426606
70.12,0.008232844
70.14,0.01931448
70.16,0.008499969
70.18,-0.023269648
70.2,-0.039376728
70.22,-0.026252737
70.24,0.01534737
70.26,0.038196208
70.28,0.04374237
70.3,0.06761659
70.32,0.084721208
70.34,0.039685367
70.36,-0.019734495
70.38,-0.026127049
70.4,-0.009779587
70.42,0.000407095
70.44,0.00809919
70.46,-0.007764297
70.48,-0.055456743
70.5,-0.050809495
70.52,0.014754251
70.54,0.026017278
70.56,-0.002445015
70.58,-0.009595031
70.6,-0.03640318
70.62,-0.053759159
70.64,-0.042736865
70.66,-0.041290673
70.68,-0.042186391
70.7,-0.016643226
70.72,0.026209786
70.74,0.038081667
70.76,0.021212523
70.78,0.024410382
70.8,0.036974343
70.82,0.050779266
70.84,0.067891835
70.86,0.051498379
70.88,0.000906024
70.9,-0.020418624
70.92,-0.012619954
70.94,0.001000306
70.96,-0.006644725
70.98,-0.019931774
71,0.002116009
71.02,0.019618364
71.04,0.000536743
71.06,-0.016752997
71.08,-0.012431422
71.1,-0.030812477
71.12,-0.070734908
71.14,-0.077127462
71.16,-0.058218685
71.18,-0.038159618
71.2,-0.026742752
71.22,-0.025084954
71.24,-0.0193813
71.26,0.005671361
71.28,0.040423578
71.3,0.048932141
71.32,0.028685352
71.34,0.023589434
71.36,0.039575596
71.38,0.048324388
71.4,0.033623746
71.42,0.026324327
71.44,0.050707676
71.46,0.078381147
71.48,0.076899954
71.5,0.044458303
71.52,0.024033318
71.54,0.020132248
71.56,-0.010840291
71.58,-0.034686514
71.6,-0.028165092
71.62,-0.01788896
71.64,-0.011476835
71.66,-0.006393196
71.68,-0.001922538
71.7,0.002563869
71.72,0.004952401
71.74,0.005486804
71.76,0.005192156
71.78,-0.007037538
71.8,-0.030333593
71.82,-0.055004908
71.84,-0.073410933
71.86,-0.073959817
71.88,-0.060846972
71.9,-0.053552339
71.92,-0.024983135
71.94,0.028728303
71.96,0.030912722
71.98,0.006814633
72,0.010778563
72.02,0.020057462
72.04,0.018875367
72.06,0.01861922
72.08,0.032113899
72.1,0.051073593
72.12,0.042399572
72.14,-0.002774985
72.16,-0.027697339
72.18,-0.009378976
72.2,0.005266774
72.22,-0.015397492
72.24,-0.030098135
72.26,-0.010514297
72.28,-0.003922232
72.3,-0.013884954
72.32,-0.001722232
72.34,0.021016835
72.36,0.023688073
72.38,-0.00277896
72.4,-0.032031177
72.42,-0.043109159
72.44,-0.029073547
72.46,0.011179174
72.48,0.026241606
72.5,-0.003525443
72.52,-0.025726131
72.54,-0.038619419
72.56,-0.044012829
72.58,-0.022975321
72.6,0.000304954
72.62,0.028841254
72.64,0.074822125
72.66,0.07742974
72.68,0.028146009
72.7,-0.002700367
72.72,-0.004923914
72.74,0.006060352
72.76,0.020824312
72.78,-0.00118789
72.8,-0.025207462
72.82,-0.013405749
72.84,0.004504541
72.86,0.00216708
72.88,-0.010797171
72.9,-0.022528257
72.92,-0.034062844
72.94,-0.033528287
72.96,0.005325642
72.98,0.033736697
73,0.028201682
73.02,0.043904648
73.04,0.056522691
73.06,0.050287645
73.08,0.05418555
73.1,0.059426239
73.12,0.061338593
73.14,0.050551758
73.16,0.008484205
73.18,-0.013763242
73.2,-0.007681881
73.22,-0.011009251
73.24,-0.032242768
73.26,-0.058290275
73.28,-0.058395275
73.3,-0.046787492
73.32,-0.039349679
73.34,-0.028761713
73.36,-0.024542431
73.38,-0.023266468
73.4,0.004433899
73.42,0.030841116
73.44,0.009706086
73.46,-0.014831743
73.48,-0.008762156
73.5,-0.002641498
73.52,-0.022598257
73.54,-0.033956254
73.56,-0.031025673
73.58,-0.039502401
73.6,-0.040250168
73.62,-0.001851743
73.64,0.012302722
73.66,-0.018969235
73.68,-0.027905765
73.7,-0.009520413
73.72,0.032742339
73.74,0.054696254
73.76,0.053180046
73.78,0.025934541
73.8,-0.005277599
73.82,-0.000343257
73.84,0.039468991
73.86,0.070461254
73.88,0.075084648
73.9,0.056624526
73.92,0.036947294
73.94,0.040568364
73.96,0.009010673
73.98,-0.046311789
74,-0.049862859
74.02,-0.004939664
74.04,0.021260245
74.06,0.007655306
74.08,-0.032349373
74.1,-0.031434557
74.12,0.011870612
74.14,0.033253043
74.16,0.007616009
74.18,0.001499235
74.2,0.033921254
74.22,0.031693884
74.24,0.013229939
74.26,0.010511437
74.28,0.007486346
74.3,-0.004523318
74.32,-0.024943364
74.34,-0.034352416
74.36,-0.03125318
74.38,-0.024357875
74.4,0.002748578
74.42,0.044305566
74.44,0.03037815
74.46,-0.021344572
74.48,-0.030876116
74.5,0.010314954
74.52,0.032856896
74.54,0.022890994
74.56,0.010020306
74.58,-0.007119954
74.6,-0.015582202
74.62,0.008138486
74.64,0.049482615
74.66,0.027153226
74.68,-0.025769083
74.7,-0.031480688
74.72,-0.022618945
74.74,-0.044696957
74.76,-0.036619557
74.78,0.010338502
74.8,0.024607661
74.82,0.025982278
74.84,0.042843456
74.86,0.049089648
74.88,0.03343919
74.9,0.02289737
74.92,0.036746835
74.94,0.054707385
74.96,0.023786728
74.98,-0.015256055
75,-0.02742211
75.02,-0.033047813
75.04,-0.03483289
75.06,-0.048951223
75.08,-0.053689159
75.1,-0.028004404
75.12,0.025955229
75.14,0.051340887
75.16,0.037779373
75.18,0.028228731
75.2,0.005034969
75.22,-0.015067523
75.24,-0.017908058
75.26,-0.019785413
75.28,-0.03430945
75.3,-0.047269572
75.32,-0.022531437
75.34,-0.00145896
75.36,-0.012183869
75.38,-0.030440199
75.4,-0.025894771
75.42,-0.00784289
75.44,-0.001455031
75.46,0.001071024
75.48,-0.005281407
75.5,-0.035750887
75.52,-0.047384113
75.54,-0.01372792
75.56,0.012774281
75.58,0.019107645
75.6,0.028028272
75.62,0.02825737
75.64,0.027073685
75.66,0.039774465
75.68,0.033795566
75.7,0.009757156
75.72,0.006724266
75.74,0.020942049
75.76,0.024006269
75.78,0.003314174
75.8,-0.014706055
75.82,-0.017161881
75.84,-0.016045015
75.86,0.00238711
75.88,0.020137018
75.9,0.018078287
75.92,-0.006821483
75.94,-0.022402569
75.96,-0.014599939
75.98,-0.012910795
76,-0.030923853
76.02,-0.040469725
76.04,-0.023085092
76.06,0.007773196
76.08,0.008829924
76.1,-0.009198242
76.12,-0.022020734
76.14,-0.031795703
76.16,-0.021982554
76.18,-0.014592141
76.2,-0.019734495
76.22,-0.012737859
76.24,-0.007355734
76.26,-0.03563792
76.28,-0.046472477
76.3,-0.023918777
76.32,-0.012643502
76.34,-0.011622095
76.36,-0.008369343
76.38,-0.005635092
76.4,-0.017220749
76.42,-0.032801208
76.44,-0.026590031
76.46,-0.00971292
76.48,0.004866009
76.5,0.016223211
76.52,0.017551682
76.54,0.002332049
76.56,-0.02661708
76.58,-0.038866009
76.6,-0.031811621
76.62,-0.032977798
76.64,-0.044692187
76.66,-0.049555795
76.68,-0.030699526
76.7,0.015253196
76.72,0.047062737
76.74,0.04008948
76.76,0.018404434
76.78,0.021417752
76.8,0.03706026
76.82,0.038832599
76.84,0.000116391
76.86,-0.02543815
76.88,-0.00151789
76.9,0.012161437
76.92,0.014286667
76.94,0.037469144
76.96,0.048316422
76.98,0.040969297
77,0.042913471
77.02,0.039217615
77.04,0.00918344
77.06,-0.036525688
77.08,-0.06838185
77.1,-0.080226682
77.12,-0.046311789
77.14,0.01649526
77.16,0.030861804
77.18,0.025656116
77.2,0.039079205
77.22,0.04687341
77.24,0.012385291
77.26,-0.021389113
77.28,-0.017962141
77.3,-0.009818884
77.32,-0.024617217
77.34,-0.050071284
77.36,-0.031138639
77.38,0.022332569
77.4,0.051046544
77.42,0.053757569
77.44,0.039693318
77.46,0.022175061
77.48,0.022159144
77.5,0.034460596
77.52,0.021172737
77.54,-0.006998242
77.56,-0.013225015
77.58,-0.007889985
77.6,-0.020579312
77.62,-0.044373991
77.64,-0.055731988
77.66,-0.057467737
77.68,-0.057135229
77.7,-0.050130138
77.72,-0.036694327
77.74,-0.025980673
77.76,-0.022381881
77.78,-0.010702829
77.8,0.003326101
77.82,0.006763563
77.84,0.023589434
77.86,0.053942125
77.88,0.053234144
77.9,0.018431483
77.92,-0.024943364
77.94,-0.053108456
77.96,-0.050613807
77.98,-0.034156713
78,-0.026625031
78.02,-0.039710826
78.04,-0.05042448
78.06,-0.028052141
78.08,-0.001093609
78.1,0.011756697
78.12,0.033284862
78.14,0.047317294
78.16,0.033666697
78.18,0.028193731
78.2,0.038356896
78.22,0.04447422
78.24,0.034958578
78.26,0.026214557
78.28,0.036891606
78.3,0.042752783
78.32,0.026784128
78.34,0.007977492
78.36,-0.008102217
78.38,-0.02154185
78.4,-0.029229465
78.42,-0.020622263
78.44,0.007906682
78.46,0.012805627
78.48,-0.02752552
78.5,-0.046209969
78.52,-0.038819878
78.54,-0.04148318
78.56,-0.047053196
78.58,-0.04301211
78.6,-0.033343731
78.62,-0.035892477
78.64,-0.034269679
78.66,-0.021055015
78.68,0.006013104
78.7,0.040078349
78.72,0.050546988
78.74,0.044218073
78.76,0.039594679
78.78,0.037747554
78.8,0.033674648
78.82,0.032888716
78.84,0.0401563
78.86,0.04677159
78.88,0.053254832
78.9,0.042501407
78.92,0.001353884
78.94,-0.014081437
78.96,-0.004703884
78.98,-0.003847462
79,-0.007567813
79.02,-0.009740443
79.04,-0.003073609
79.06,0.002960657
79.08,0.013614954
79.1,0.029391743
79.12,0.03636182
79.14,0.026072951
79.16,0.003192462
79.18,-0.006055428
79.2,0.005258823
79.22,0.028410107
79.24,0.043201437
79.26,0.019656544
79.28,-0.014348563
79.3,-0.015358196
79.32,0.006563104
79.34,0.034129679
79.36,0.030354281
79.38,-0.007866437
79.4,-0.036223394
79.42,-0.056144037
79.44,-0.058870979
79.46,-0.041569083
79.48,-0.005356024
79.5,0.008688486
79.52,-0.007870413
79.54,0.001090673
79.56,0.025832722
79.58,0.018057599
79.6,-0.016325031
79.62,-0.023758089
79.64,-0.017098242
79.66,-0.026282966
79.68,-0.027501651
79.7,-0.01425422
79.72,-0.00765818
79.74,-0.010785398
79.76,-0.011810795
79.78,0.002905612
79.8,0.017324159
79.82,0.011740948
79.84,0.005054541
79.86,0.006543532
79.88,0.005341391
79.9,-2.90E-05
79.92,-0.007371483
79.94,-0.013767217
79.96,-0.01559
79.98,-0.021290474
80,-0.021753456
80.02,-0.010074235
80.04,-0.01460789
80.06,-0.026405474
80.08,0.000587813
80.1,0.045460627
80.12,0.055300826
80.14,0.036110443
80.16,0.015029174
80.18,0.013438196
80.2,0.024489939
80.22,0.030974755
80.24,0.019123563
80.26,0.009014648
80.28,0.007851804
80.3,0.00353818
80.32,0.001951024
80.34,0.012880245
80.36,0.001361743
80.38,-0.02394263
80.4,-0.009107875
80.42,0.013878104
80.44,0.016573226
80.46,0.010020306
80.48,0.009658838
80.5,0.017768043
80.52,0.022658716
80.54,0.017468945
80.56,-0.00047289
80.58,-0.025804083
80.6,-0.036734098
80.62,-0.03041633
80.64,-0.020819541
80.66,-0.037582095
80.68,-0.052188869
80.7,-0.025034052
80.72,0.00012818
80.74,-0.005552523
80.76,-0.006915673
80.78,0.021557752
80.8,0.045993593
80.82,0.052075917
80.84,0.041487951
80.86,0.010503486
80.88,-0.004267966
80.9,0.004107752
80.92,0.001491376
80.94,-0.015185413
80.96,-0.022688945
80.98,-0.01938448
81,-0.009642125
81.02,-0.001486468
81.04,-0.007532492
81.06,-0.012623945
81.08,-0.016659144
81.1,-0.018627171
81.12,-0.007886162
81.14,-0.00124682
81.16,-0.021301606
81.18,-0.032595963
81.2,-0.024994266
81.22,-0.013236789
81.24,-0.011755734
81.26,-0.019094924
81.28,-0.006369648
81.3,-0.001313609
81.32,-0.019109251
81.34,-0.020779771
81.36,-0.006385398
81.38,0.009957462
81.4,0.018643089
81.42,0.012829174
81.44,0.004791391
81.46,0.011410979
81.48,0.027554159
81.5,0.035803379
81.52,0.038375994
81.54,0.038156437
81.56,0.034699235
81.58,0.013123823
81.6,-0.01217607
81.62,-0.007308639
81.64,0.007380229
81.66,0.00298818
81.68,0.001416743
81.7,0.002017844
81.72,-0.00806292
81.74,-0.005858945
81.76,0.004500719
81.78,0.012420612
81.8,0.018859465
81.82,0.01843945
81.84,0.001754526
81.86,-0.014450703
81.88,-0.014069664
81.9,-0.002158318
81.92,0.010024281
81.94,0.016568456
81.96,-0.003926055
81.98,-0.031256361
82,-0.041510229
82.02,-0.049426927
82.04,-0.046084281
82.06,-0.034381055
82.08,-0.023742171
82.1,-0.016800734
82.12,-0.016006835
82.14,-0.013610031
82.16,-0.007949006
82.18,0.013281009
82.2,0.029923119
82.22,0.016784832
82.24,0.002383119
82.26,0.012510979
82.28,0.029030581
82.3,0.025102462
82.32,0.007957752
82.34,0.008865245
82.36,0.020509312
82.38,0.015724602
82.4,-0.002484312
82.42,-0.002472538
82.44,0.008389862
82.46,0.017661453
82.48,0.013772141
82.5,0.006378547
82.52,0.01618344
82.54,0.021217294
82.56,0.015217706
82.58,0.007855612
82.6,0.002725031
82.62,-0.000504327
82.64,-0.018036927
82.66,-0.029103777
82.68,-0.016988471
82.7,6.53E-05
82.72,0.010762813
82.74,0.01642844
82.76,0.022364388
82.78,0.032452783
82.8,0.030715428
82.82,0.009537125
82.84,-0.018413991
82.86,-0.02665208
82.88,-0.012973639
82.9,-0.025929771
82.92,-0.045490856
82.94,-0.038399862
82.96,-0.025520887
82.98,-0.016156391
83,-0.020264297
83.02,-0.026905046
83.04,-0.02098341
83.06,-0.016445948
83.08,-0.011017202
83.1,-0.013056055
83.12,-0.022240291
83.14,-0.007363532
83.16,0.01386633
83.18,0.026346606
83.2,0.05279026
83.22,0.065771055
83.24,0.024752446
83.26,0.004241391
83.28,0.021931636
83.3,0.020084511
83.32,-0.004747156
83.34,-0.017881009
83.36,0.002222125
83.38,0.018242156
83.4,0.016442768
83.42,0.015123517
83.44,0.015602722
83.46,0.00953315
83.48,0.007490321
83.5,0.00245393
83.52,-0.008420413
83.54,-0.00767393
83.56,-0.007112156
83.58,0.00322396
83.6,0.027886667
83.62,0.039303532
83.64,0.022533028
83.66,0.000678165
83.68,-0.008938914
83.7,-0.007399006
83.72,0.00386815
83.74,0.011002416
83.76,0.000835306
83.78,-0.019990642
83.8,-0.02084182
83.82,-0.008314297
83.84,0.001758502
83.86,0.012444159
83.88,0.016800734
83.9,0.004084205
83.92,-0.000457187
83.94,0.0074313
83.96,0.012271376
83.98,0.012353792
84,0.004135275
84.02,-0.005387538
84.04,-0.011751758
84.06,-0.009347477
84.08,-0.002366422
84.1,-0.006106498
84.12,-0.008966437
84.14,-0.003529266
84.16,-0.003816116
84.18,-0.008974235
84.2,-0.005941514
84.22,0.003777783
84.24,0.001192813
84.26,-0.018359893
84.28,-0.028903303
84.3,-0.017558043
84.32,0.005577018
84.34,0.020658853
84.36,0.022795535
84.38,0.021094786
84.4,0.005439557
84.42,-0.004456483
84.44,-0.003215046
84.46,-0.003289664
84.48,-0.013763242
84.5,-0.020716131
84.52,-0.014992905
84.54,-0.008365367
84.56,-0.011197951
84.58,-0.017095061
84.6,-0.017998746
84.62,-0.020501346
84.64,-0.021349343
84.66,-0.016226391
84.68,-0.003332936
84.7,0.011524893
84.72,0.016784832
84.74,0.015653792
84.76,0.017527813
84.78,0.020281789
84.8,0.022155963
84.82,0.018094205
84.84,0.007164174
84.86,0.004807141
84.88,0.010059602
84.9,0.002520749
84.92,-0.000135046
84.94,0.014593089
84.96,0.012389266
84.98,-0.029729021
85,-0.052632752
85.02,-0.038761009
85.04,-0.028074404
85.06,-0.019400398
85.08,0.000957095
85.1,0.006684969
85.12,0.000937462
85.14,0.002999954
85.16,-0.004083242
85.18,-0.006919648
85.2,-0.007336162
85.22,-0.013845657
85.24,-0.007049312
85.26,0.003259281
85.28,0.003581453
85.3,0.021637309
85.32,0.036821606
85.34,0.030102905
85.36,0.029108547
85.38,0.028869893
85.4,0.019779052
85.42,0.021942783
85.44,0.034541743
85.46,0.030040856
85.48,0.012247829
85.5,0.007934205
85.52,0.00638237
85.54,-0.00249211
85.56,-0.011751758
85.58,-0.017325749
85.6,-0.02512792
85.62,-0.030766346
85.64,-0.025218609
85.66,-0.019549939
85.68,-0.02143526
85.7,-0.017927141
85.72,-0.002445015
85.74,-0.001494312
85.76,-0.012918593
85.78,-0.013782813
85.8,-0.003800367
85.82,0.008056086
85.84,0.015968654
85.86,0.004504541
85.88,-0.026216147
85.9,-0.031720933
85.92,-0.019777462
85.94,-0.018065566
85.96,-0.008286774
85.98,0.010707768
86,0.010837431
86.02,-0.000716468
86.04,-0.013527462
86.06,-0.022135291
86.08,-0.013621804
86.1,-0.005469939
86.12,-0.004279725
86.14,-0.001093609
86.16,0.004995673
86.18,0.003683593
86.2,-0.003992875
86.22,0.004591086
86.24,0.01726052
86.26,0.011395229
86.28,-0.002083547
86.3,-0.007701453
86.32,-0.002040428
86.34,0.007411728
86.36,0.013045229
86.38,0.013610979
86.4,0.015237431
86.42,0.001958807
86.44,-0.031905489
86.46,-0.039365581
86.48,-0.016434801
86.5,-0.004798226
86.52,-0.011241055
86.54,-0.003152202
86.56,0.022564847
86.58,0.029907217
86.6,0.025867722
86.62,0.017476896
86.64,0.00589919
86.66,0.008877018
86.68,0.014593089
86.7,0.008818165
86.72,0.000662462
86.74,0.005423807
86.76,0.013532385
86.78,0.004147049
86.8,-0.00361581
86.82,0.005722431
86.84,0.014608838
86.86,0.00355393
86.88,-5.40E-06
86.9,0.010373823
86.92,0.005078242
86.94,0.002434205
86.96,0.009105015
86.98,0.00600133
87,-0.000410046
87.02,5.75E-05
87.04,0.01106526
87.06,0.021490933
87.08,0.016754602
87.1,0.001927477
87.12,-0.007300688
87.14,-0.007053287
87.16,-0.00492789
87.18,-0.005568272
87.2,-0.007308639
87.22,-0.012050398
87.24,-0.021726407
87.26,-0.031811621
87.28,-0.028314648
87.3,-0.020724083
87.32,-0.020001789
87.34,-0.015432813
87.36,-0.006656498
87.38,-0.00108182
87.4,-0.01071078
87.42,-0.017290749
87.44,-0.004774679
87.46,0.004473196
87.48,-0.004043945
87.5,-0.013056055
87.52,-0.017876239
87.54,-0.019271529
87.56,-0.011853899
87.58,-0.005206789
87.6,-0.011618287
87.62,-0.018744908
87.64,-0.005246086
87.66,0.008877018
87.68,0.013626728
87.7,0.017720321
87.72,0.026806391
87.74,0.027875535
87.76,0.011509297
87.78,0.005612492
87.8,0.009415245
87.82,0.009929939
87.84,0.006794908
87.86,-0.00419318
87.88,-0.005524985
87.9,-0.008227905
87.92,-0.018057599
87.94,-0.014391835
87.96,-0.007347936
87.98,-0.003918257
88,-0.001655413
88.02,-0.004825749
88.04,-0.000775398
88.06,0.020463165
88.08,0.035257676
88.1,0.015952737
88.12,-0.004790443
88.14,-0.002877125
88.16,0.00336922
88.18,0.001782049
88.2,-0.004197156
88.22,-0.004912141
88.24,0.005199954
88.26,0.017904878
88.28,0.015716636
88.3,-0.00090896
88.32,-0.00477867
88.34,0.001361743
88.36,0.004787416
88.38,0.007674878
88.4,0.009988807
88.42,-0.003796391
88.44,-0.021675489
88.46,-0.018865826
88.48,-0.009928976
88.5,-0.012631728
88.52,-0.025683165
88.54,-0.039103073
88.56,-0.034847202
88.58,-0.007913532
88.6,0.011575963
88.62,0.015732385
88.64,0.007674878
88.66,-0.002790734
88.68,0.013210214
88.7,0.034290367
88.72,0.022265749
88.74,0.009996758
88.76,0.019354251
88.78,0.025252018
88.8,0.002913563
88.82,-0.023113731
88.84,-0.018924694
88.86,-0.000103609
88.88,0.012632844
88.9,0.016255031
88.92,0.013261284
88.94,0.003978242
88.96,-0.00019396
88.98,0.007545382
89,0.016011606
89.02,0.018293073
89.04,0.015984557
89.06,0.013418471
89.08,0.000682095
89.1,-0.010636009
89.12,-0.005882477
89.14,-0.000488609
89.16,-0.009905428
89.18,-0.019464037
89.2,-0.016956651
89.22,-0.00712393
89.24,-0.01095818
89.26,-0.018391713
89.28,-0.006562156
89.3,0.009022446
89.32,0.018450581
89.34,0.025239281
89.36,0.014404557
89.38,0.006464939
89.4,0.015987737
89.42,0.024979954
89.44,0.016447538
89.46,6.39E-06
89.48,-0.000594679
89.5,0.005573196
89.52,0.005651789
89.54,0.00766708
89.56,0.022693716
89.58,0.033929205
89.6,0.007030688
89.62,-0.014383884
89.64,-0.003957554
89.66,0.013803486
89.68,0.011273517
89.7,-0.000115398
89.72,0.006523807
89.74,0.016258211
89.76,0.010770612
89.78,-0.002500061
89.8,-0.007167202
89.82,0.000744954
89.84,0.015194159
89.86,0.012200581
89.88,-0.010683257
89.9,-0.015083272
89.92,-0.004837523
89.94,-0.002425443
89.96,-0.010141055
89.98,-0.01565682
90,-0.009740443
