0;0
0;0
0;0
0;0
0.002331;5.0122
0.014125;9.2151
0.028376;16.4983
0.038709;21.6067
0.042772;24.9547
0.04449;27.0038
0.049285;30.8876
0.059552;34.5216
0.068562;38.4014
0.071905;41.2837
0.072688;42.5492
0.074198;42.4927
0.078069;49.1256
0.093116;55.1922
0.108436;56.2543
0.10357;56.7299
0.087909;51.9992
0.078022;45.1776
0.075889;44.8869
0.08539;55.285
0.117616;75.5613
0.170733;100.8096
0.223284;126.5961
0.257924;144.7628
0.271435;152.66
0.271622;155.621
0.271833;154.8483
0.274506;154.3379
0.277528;158.3551
0.288386;167.4184
0.314271;180.2589
0.347241;193.435
0.369651;202.5933
0.373273;206.9402
0.367682;205.4882
0.362759;200.9169
0.359679;201.0631
0.364448;205.1403
0.377548;206.9193
0.383177;208.4847
0.376774;208.7391
0.371386;207.0443
0.376086;209.4311
0.392458;217.9929
0.415708;224.6601
0.42522;222.1912
0.403397;215.8727
0.36832;198.0157
0.329907;167.8156
0.27175;133.201
0.196547;97.9185
0.133678;66.6282
0.100879;45.7245
0.089461;37.1286
0.084381;33.1509
0.077417;32.2314
0.073777;32.1021
0.074326;26.2594
0.061897;17.2455
0.034419;8.7887
0.015671;1.4452
0.016603;-3.0383
0.021343;-3.6306
0.018967;-0.5551
0.021056;2.9508
0.032878;3.2827
0.038867;6.756
0.03771;9.0113
0.034815;2.3923
0.019491;-5.4153
-0.005317;-14.0502
-0.024883;-26.1571
-0.040048;-36.6691
-0.052221;-36.3848
-0.042015;-27.2021
-0.004997;-15.0498
0.028969;-1.1302
0.038627;4.5809
0.028083;2.6295
0.016767;-0.6063
0.017685;-2.5067
0.024605;0.2119
0.030889;6.2966
0.038954;11.5627
0.047257;14.581
0.049986;18.0695
0.053284;25.961
0.074645;43.0402
0.127561;78.7524
0.222582;139.8145
0.365767;217.1788
0.533303;288.793
0.672653;345.2869
0.756913;384.0132
0.799715;403.2683
0.820528;410.7705
0.831518;416.0639
0.845614;423.5304
0.869196;424.2674
0.88015;421.1451
0.860405;415.2242
0.829828;406.0853
0.820177;405.1093
0.845428;414.1642
0.894645;425.8574
0.939646;439.0043
0.962054;444.8944
0.951231;433.3709
0.898673;403.5657
0.818481;361.8045
0.738403;315.5272
0.670878;272.6884
0.615834;246.0596
0.591504;241.6623
0.618051;253.2913
0.68026;282.1882
0.753701;316.7984
0.819882;343.2117
0.861597;360.8033
0.879755;375.5501
0.899494;385.4719
0.931056;390.6708
0.95579;392.9563
0.955019;386.2903
0.926126;369.5704
0.883096;342.9463
0.836073;310.1683
0.783877;278.7369
0.731009;248.3329
0.681478;216.4456
0.627399;182.3719
0.556771;135.9423
0.454953;74.9043
0.323479;4.265
0.18847;-66.2246
0.081499;-118.5807
0.028136;-142.2286
0.038516;-133.7781
0.097702;-108.3094
0.157023;-82.893
0.179998;-59.1923
0.191947;-40.0641
0.227875;-22.8255
0.279722;4.0874
0.334592;40.7232
0.402838;85.9665
0.497475;138.6114
0.607022;190.48
0.700872;235.8771
0.765866;270.0528
0.81652;301.4927
0.878904;326.355
0.946675;349.0601
0.997883;369.8856
1.021775;374.3079
1.005242;364.3354
0.953326;338.7341
0.889911;304.2724
0.839568;282.6553
0.828978;276.1751
0.85421;279.9423
0.885455;297.4537
0.920025;321.7394
0.975131;351.8233
1.057249;386.123
1.155302;426.6085
1.259218;460.5746
1.344752;476.1869
1.372479;481.5564
1.337878;472.9471
1.289478;466.6645
1.297315;473.3234
1.37252;487.3408
1.473411;520.7898
1.582547;551.8312
1.6823;564.0024
1.730457;571.8616
1.717011;570.7474
1.674351;546.0994
1.615044;496.6469
1.511624;426.8038
1.352557;336.7126
1.166183;234.7706
0.993008;139.9071
0.860432;66.3608
0.771008;10.3882
0.703103;-24.8254
0.655069;-41.0446
0.641602;-49.8998
0.651486;-39.3332
0.681903;-14.7002
0.726804;-2.6853
0.73559;-5.6166
0.683879;-26.7805
0.60362;-70.1283
0.519693;-121.2692
0.436347;-162.6486
0.366729;-198.548
0.307001;-241.3776
0.218569;-291.9098
0.081866;-341.7459
-0.06163;-374.614
-0.143357;-399.452
-0.155847;-414.6284
-0.149506;-418.6482
-0.174266;-434.5266
-0.259832;-459.1678
-0.39318;-484.7274
-0.530903;-513.5327
-0.648442;-542.0626
-0.745662;-559.327
-0.817928;-573.114
-0.871066;-592.4807
-0.930826;-600.5094
-0.992366;-596.2038
-1.021885;-594.0437
-1.014089;-590.6407
-0.998133;-581.1226
-0.990495;-564.9381
-0.975007;-553.3402
-0.952546;-545.8239
-0.942561;-536.6356
-0.935987;-519.4655
-0.900968;-502.2704
-0.847563;-480.4428
-0.806545;-459.9445
-0.78984;-451.7688
-0.790596;-443.9753
-0.779965;-430.5597
-0.736814;-411.7286
-0.685523;-396.3589
-0.671997;-392.8469
-0.70813;-405.2412
-0.778204;-430.5498
-0.863231;-456.7048
-0.938738;-471.5376
-0.972363;-476.5781
-0.950413;-464.3011
-0.886097;-426.9619
-0.799012;-373.2492
-0.700719;-311.7883
-0.594625;-243.1193
-0.471964;-161.6469
-0.313236;-61.7461
-0.112061;45.9059
0.095794;148.32
0.266552;231.6167
0.385378;285.3462
0.454549;315.6773
0.489307;337.1996
0.525304;363.2671
0.598536;390.687
0.700654;420.9824
0.795912;446.9943
0.854209;465.524
0.87537;483.1598
0.894351;494.686
0.933969;501.6674
0.988428;517.7933
1.056733;530.4208
1.121462;533.0028
1.149721;537.9715
1.138305;530.9041
1.101836;510.0718
1.063094;495.408
1.053504;488.5928
1.07137;483.6401
1.08422;486.4458
1.078187;486.5586
1.053523;473.7103
1.015629;465.8966
0.994038;453.0266
0.976818;419.3989
0.898692;363.6346
0.732666;267.2258
0.509039;149.5753
0.297419;37.4638
0.142434;-62.8266
0.01027;-149.1863
-0.144473;-223.8385
-0.31459;-300.1357
-0.489837;-382.1356
-0.690563;-455.884
-0.920059;-511.891
-1.145231;-553.1608
-1.332791;-584.5074
-1.475769;-611.1572
-1.590905;-628.5965
-1.689494;-638.456
-1.772064;-649.9077
-1.845124;-659.1613
-1.908823;-662.2087
-1.953286;-674.4524
-1.996887;-691.1714
-2.067572;-695.7364
-2.1575;-700.7364
-2.247686;-704.4435
-2.32889;-723.2556
-2.437601;-748.7439
-2.619285;-760.1964
-2.863602;-764.3878
-3.11941;-767.9319
-3.337389;-780.24
-3.507267;-797.8009
-3.650775;-813.7509
-3.788819;-818.0407
-3.91702;-827.2599
-4.04462;-844.5428
-4.201083;-854.6494
-4.39228;-857.2338
-4.590567;-855.5343
-4.753423;-855.8133
-4.85215;-858.5301
-4.882896;-857.6809
-4.854612;-828.4386
-4.758543;-759.0219
-4.591628;-667.1072
-4.396749;-554.8374
-4.201825;-428.513
-3.991711;-302.073
-3.764794;-173.1288
-3.536237;-41.7296
-3.30891;71.6454
-3.09727;151.7266
-2.933182;209.7864
-2.815314;257.317
-2.712626;279.6322
-2.633813;289.5906
-2.599312;300.6995
-2.587647;317.7163
-2.546303;328.4451
-2.461649;339.8683
-2.344969;372.7847
-2.173851;409.7595
-1.932947;438.1102
-1.645242;463.2441
-1.337643;493.9334
-1.006253;526.8714
-0.631364;554.1393
-0.210988;575.0191
0.236402;601.692
0.703079;632.3392
1.189944;659.9476
1.688509;688.8849
2.188042;717.8394
2.6795;750.2408
3.168336;790.7004
3.669795;811.4563
4.150196;829.7324
4.575281;866.024
4.967689;898.7933
5.342202;899.7177
5.634037;893.7633
5.774016;900.177
5.765321;885.8528
5.658913;822.1109
5.507124;728.7429
5.348348;635.7776
5.215685;558.4158
5.134001;519.3419
5.133856;527.0679
5.221591;556.4709
5.3362;593.3872
5.414438;631.4617
5.453424;647.1289
5.451696;633.554
5.382782;584.6783
5.229361;489.9041
4.99515;355.6803
4.715521;209.7876
4.450406;67.9568
4.216662;-49.3289
4.000724;-128.6593
3.811727;-189.4701
3.643372;-249.8515
3.453918;-297.5962
3.231507;-325.6816
3.013732;-347.3962
2.830222;-372.0157
2.676769;-382.484
2.5594;-387.032
2.475545;-408.8121
2.373572;-423.76
2.225667;-428.2456
2.052975;-439.0829
1.87354;-459.7426
1.687683;-466.6565
1.522289;-473.0813
1.388479;-500.7014
1.235374;-520.0783
1.028333;-527.808
0.780638;-532.5078
0.53036;-535.8779
0.309646;-558.6168
0.094766;-586.3863
-0.150998;-598.132
-0.415467;-605.3782
-0.661738;-613.3656
-0.857981;-620.4219
-0.989599;-632.9747
-1.079779;-652.2325
-1.17956;-658.0034
-1.299996;-648.0999
-1.4008;-641.6398
-1.454961;-647.0013
-1.480383;-645.7981
-1.48971;-638.4554
-1.47364;-623.7371
-1.414209;-577.4021
-1.289335;-505.348
-1.117879;-413.7443
-0.945438;-317.2327
-0.802942;-237.1789
-0.702537;-179.3058
-0.639389;-143.3467
-0.604396;-127.2401
-0.596715;-127.588
-0.611862;-128.8059
-0.613433;-116.793
-0.558291;-81.9656
-0.442312;-16.9392
-0.284733;79.3381
-0.085072;200.373
0.166659;316.8898
0.430288;401.1161
0.633284;460.0822
0.75408;502.6022
0.8277;531.2506
0.895273;549.9201
0.971926;563.0451
1.048123;570.8743
1.102823;573.792
1.122609;574.4616
1.119547;569.8307
1.120263;570.2352
1.153778;578.5348
1.231267;589.1442
1.342192;612.4005
1.488212;639.0589
1.666926;654.3291
1.845651;668.2315
2.001273;691.3312
2.15428;716.0401
2.337356;729.2066
2.549007;735.9587
2.764266;746.7808
2.9705;763.424
3.176049;780.3908
3.387272;786.8036
3.585514;796.8637
3.760633;808.8917
3.912301;812.3617
4.03173;821.0119
4.135714;841.322
4.274267;855.5397
4.473488;862.467
4.720434;873.6324
4.994727;887.022
5.276958;900.8398
5.550606;917.1721
5.811741;937.4948
6.072965;958.7483
6.347553;971.4543
6.619235;972.4445
6.843501;977.9468
6.998709;990.8353
7.102328;1003.7075
7.191185;1021.1324
7.309761;1029.5792
7.468689;1030.9328
7.64655;1037.727
7.827663;1048.3525
8.00397;1052.5268
8.14579;1041.7544
8.201566;1044.2085
8.177325;1040.0325
8.133522;1023.5911
8.120958;1007.4483
8.127001;981.9468
8.089649;949.4645
7.987329;895.5317
7.864848;843.5993
7.809301;831.8292
7.878081;840.6567
7.990544;820.1045
7.951199;756.9911
7.649143;580.0951
7.128433;301.0862
6.518146;33.3549
5.918183;-153.8983
5.298263;-271.1353
4.585979;-338.2721
3.766693;-379.8414
2.890264;-409.9874
2.027535;-463.1548
1.178413;-534.6905
0.289051;-592.1513
-0.649301;-635.3147
-1.589609;-681.2033
-2.488062;-734.5638
-3.3306;-783.3713
-4.102956;-818.3758
-4.772366;-856.0934
-5.331545;-901.056
-5.81943;-952.4152
-6.30707;-1001.0804
-6.859678;-1046.6949
-7.520118;-1093.0955
-8.306017;-1134.0691
-9.180658;-1150.2051
-10.024707;-1166.9686
-10.733742;-1215.0729
-11.305871;-1252.5625
-11.74993;-1273.469
-12.053551;-1293.2325
-12.223733;-1309.2414
-12.299653;-1324.8717
-12.361853;-1333.2911
-12.483248;-1343.264
-12.687676;-1345.2406
-12.926655;-1336.8357
-13.118349;-1344.9885
-13.245975;-1359.7386
-13.335135;-1351.2155
-13.365618;-1322.521
-13.29347;-1266.4236
-13.113968;-1150.0437
-12.8321;-965.6084
-12.43478;-721.6359
-11.933351;-458.2708
-11.399765;-274.5514
-10.936318;-182.3027
-10.603003;-136.0191
-10.4068;-112.4062
-10.320097;-90.481
-10.276792;-77.3264
-10.22367;-87.8742
-10.179401;-102.4222
-10.175045;-108.6543
-10.188371;-106.2401
-10.161748;-100.4455
-10.078369;-107.9003
-10.002386;-124.2107
-10.014371;-141.8214
-10.121145;-189.9295
-10.273233;-281.8373
-10.458904;-401.1019
-10.691668;-534.1186
-10.954723;-674.1065
-11.222769;-814.4215
-11.507116;-943.9599
-11.828064;-1053.3095
-12.17147;-1140.3702
-12.499518;-1204.2582
-12.783771;-1259.96
-13.043288;-1318.2482
-13.334765;-1368.8399
-13.68791;-1396.4247
-14.071941;-1416.9065
-14.448117;-1439.0975
-14.790615;-1442.5037
-15.044363;-1443.2852
-15.168199;-1458.1415
-15.192364;-1487.7043
-15.213071;-1518.7841
-15.324621;-1532.7983
-15.558645;-1551.7314
-15.935366;-1594.8648
-16.502959;-1631.7576
-17.247414;-1639.0278
-18.046089;-1659.7727
-18.803634;-1715.0311
-19.526159;-1762.965
-20.217695;-1790.2361
-20.835165;-1821.5991
-21.361708;-1871.0776
-21.847053;-1916.3473
-22.331332;-1930.1753
-22.773833;-1943.1332
-23.134417;-1971.528
-23.426564;-1988.2029
-23.653562;-1988.7969
-23.784192;-1974.6628
-23.777897;-1932.9577
-23.635808;-1853.3527
-23.4293;-1730.978
-23.19998;-1566.789
-22.89709;-1368.2331
-22.480467;-1142.9582
-21.989789;-939.6408
-21.490748;-797.6447
-20.995104;-701.2746
-20.465379;-638.0154
-19.879279;-600.878
-19.264475;-576.3116
-18.674524;-548.3206
-18.137165;-507.4927
-17.625751;-460.3648
-17.094388;-431.0738
-16.549529;-412.7
-16.036544;-390.9974
-15.592987;-372.7782
-15.230159;-329.7158
-14.877036;-282.2187
-14.446201;-252.5665
-13.923773;-240.4875
-13.374975;-230.3673
-12.868225;-192.025
-12.384718;-145.2268
-11.877384;-126.6255
-11.368494;-105.7444
-10.891374;-82.2996
-10.474309;-73.0353
-10.162048;-54.9708
-9.95333;-19.8831
-9.766002;35.4428
-9.462491;83.2918
-8.960873;102.1937
-8.302417;120.2665
-7.555902;176.7193
-6.707494;236.4766
-5.734244;293.4115
-4.628513;378.5228
-3.346334;459.8718
-1.894878;511.9861
-0.380781;586.4596
1.143213;704.9238
2.752796;830.9762
4.540574;941.9319
6.510286;1029.533
8.558398;1117.8172
10.562388;1218.9936
12.444502;1318.3291
14.159202;1417.6377
15.697659;1517.7602
17.085742;1609.0219
18.352445;1688.9643
19.515469;1763.4881
20.603732;1851.9222
21.691281;1935.113
22.825488;1983.4243
23.945826;2020.7749
24.958277;2074.7106
25.849824;2159.5002
26.710547;2225.096
27.581314;2251.1489
28.39119;2282.5187
29.077676;2322.197
29.641383;2376.5898
30.152565;2428.3449
30.680304;2455.1939
31.219773;2473.8839
31.739499;2511.1804
32.260229;2555.9532
32.815045;2572.9237
33.363316;2590.2022
33.862489;2622.1832
34.320394;2644.6598
34.736765;2650.3167
35.079209;2651.6055
35.325091;2647.05
35.47259;2614.1212
35.510843;2565.3572
35.463901;2507.4932
35.390403;2435.9946
35.309828;2359.4414
35.195469;2273.9625
35.013643;2162.6634
34.742436;2015.1635
34.380411;1865.2639
33.990728;1740.3074
33.647986;1632.4265
33.34236;1545.3096
33.02007;1479.1425
32.650635;1424.6705
32.223529;1367.6484
31.706802;1300.2778
31.047586;1249.6542
30.251057;1214.7117
29.392283;1190.3507
28.572415;1148.7387
27.824131;1084.5602
27.105798;1042.5205
26.423977;1025.7046
25.847777;1004.4762
25.403714;955.3807
25.010944;907.3513
24.573317;876.1182
24.053496;840.5135
23.438396;796.0066
22.720968;751.1326
21.911543;699.1711
21.017714;638.0513
20.042361;585.7006
19.018448;529.8518
17.968577;450.1101
16.858615;373.5764
15.673399;318.9822
14.467166;259.7123
13.292295;190.0563
12.17247;134.6018
11.150123;84.5321
10.256415;19.2758
9.449518;-57.8922
8.640753;-116.5509
7.79572;-155.2841
6.94494;-204.4482
6.101564;-261.8743
5.254009;-312.3503
4.401327;-366.1483
3.546148;-407.8994
2.724761;-439.4423
1.985607;-489.4269
1.316769;-540.688
0.68604;-576.5462
0.096234;-605.2174
-0.43199;-635.7583
-0.893574;-668.8328
-1.305442;-701.1929
-1.691328;-727.2876
-2.060654;-747.0909
-2.412013;-774.1791
-2.770499;-812.6533
-3.191894;-848.925
-3.712173;-873.6339
-4.309752;-890.1569
-4.926002;-917.6031
-5.525632;-949.8243
-6.094104;-975.3066
-6.609121;-995.2744
-7.047275;-1017.2957
-7.41654;-1051.3701
-7.772031;-1079.5592
-8.154522;-1093.2196
-8.550499;-1101.6891
-8.923186;-1116.2145
-9.261704;-1138.5843
-9.582184;-1146.1146
-9.868429;-1141.6667
-10.094627;-1159.1017
-10.31433;-1186.4516
-10.592906;-1182.1201
-10.878625;-1172.4408
-11.092644;-1181.8985
-11.235099;-1181.7751
-11.328016;-1164.8828
-11.377326;-1146.1687
-11.401493;-1127.7552
-11.426567;-1108.825
-11.459433;-1088.9331
-11.486211;-1071.0192
-11.495161;-1045.24
-11.474927;-1009.6684
-11.426183;-971.2795
-11.370678;-924.3116
-11.312682;-875.0576
-11.241;-824.1519
-11.147038;-768.3511
-11.032655;-714.2768
-10.914123;-657.962
-10.788104;-592.6412
-10.627011;-529.6448
-10.435598;-468.7412
-10.238579;-402.2074
-10.035524;-346.7968
-9.835326;-307.6057
-9.664554;-278.7083
-9.537514;-267.8424
-9.461672;-269.0921
-9.432582;-283.1806
-9.443524;-308.4574
-9.484492;-329.6587
-9.523878;-351.9262
-9.546948;-371.6935
-9.56364;-385.0463
-9.577915;-384.3382
-9.559115;-363.4329
-9.458894;-315.949
-9.257379;-249.1483
-8.985005;-164.1893
-8.666406;-62.9302
-8.284249;26.7366
-7.836253;88.1017
-7.358076;132.2291
-6.874672;181.7822
-6.360049;228.1155
-5.788663;253.6043
-5.194334;274.3112
-4.625929;309.9911
-4.089463;345.4987
-3.577396;376.8324
-3.089853;404.7437
-2.634498;429.4105
-2.217968;459.3635
-1.828835;485.2656
-1.464112;498.5652
-1.148767;512.2028
-0.904313;522.7851
-0.740437;536.0328
-0.64261;548.5157
-0.58566;552.0979
-0.551131;564.3033
-0.497664;577.7533
-0.390199;574.8811
-0.249925;566.7982
-0.119664;571.9499
-0.003565;583.9765
0.123991;594.4168
0.284185;601.134
0.476937;606.3616
0.687241;615.7697
0.901642;624.0267
1.100309;625.9301
1.253276;628.5551
1.346597;631.8285
1.384136;615.9102
1.349263;566.6717
1.215481;480.7372
1.014402;376.5898
0.830803;274.3144
0.706972;186.7702
0.609083;119.1794
0.505506;67.7349
0.423152;42.3433
0.414757;37.317
0.466865;53.7361
0.528385;92.6952
0.590115;127.3162
0.643909;145.1577
0.655512;139.8229
0.597831;103.2201
0.482949;45.6985
0.358653;-21.3211
0.247559;-100.126
0.109491;-190.6304
-0.093682;-288.1889
-0.343537;-388.5163
-0.60643;-473.4352
-0.858046;-529.2124
-1.071409;-562.0093
-1.22996;-590.0729
-1.363682;-627.8609
-1.543622;-655.6527
-1.795579;-671.8348
-2.088362;-696.3202
-2.403627;-729.4062
-2.74689;-752.4408
-3.096724;-762.3632
-3.408847;-787.7399
-3.67896;-801.7339
-3.888622;-798.6521
-3.996271;-807.5253
-4.003943;-799.768
-3.927406;-749.2758
-3.793486;-679.1127
-3.667317;-618.2211
-3.614487;-587.867
-3.640245;-579.2648
-3.683785;-579.9434
-3.693373;-582.9774
-3.673435;-577.7564
-3.659217;-573.477
-3.673861;-564.4989
-3.685593;-542.52
-3.640004;-512.2948
-3.546421;-474.3353
-3.470684;-438.1231
-3.447086;-416.6975
-3.457126;-417.0295
-3.485218;-434.508
-3.527402;-440.0908
-3.530709;-417.5739
-3.419863;-342.7595
-3.181138;-217.796
-2.882179;-69.4184
-2.598272;76.0649
-2.332353;209.5552
-2.029557;322.9438
-1.659549;408.1764
-1.243941;467.8289
-0.816221;516.3387
-0.382111;560.5196
0.06881;587.6187
0.520556;614.0764
0.963796;651.358
1.430934;700.0482
1.977827;735.2759
2.60702;755.9355
3.273517;800.9707
3.990624;869.627
4.823119;924.1408
5.760186;937.9758
6.654467;947.5324
7.359313;990.838
7.851282;1019.9752
8.125005;1016.1776
8.140639;1002.4846
7.910303;862.5795
7.46776;576.3981
6.813708;186.8673
5.999961;-120.711
5.161621;-230.8975
4.427129;-281.8862
3.836628;-325.6329
3.372585;-344.9867
3.042961;-355.3864
2.850651;-383.3861
2.735348;-403.5611
2.648288;-395.6332
2.614362;-381.3775
2.667204;-350.9044
2.788272;-298.1855
2.908003;-239.4991
2.988694;-177.9247
3.064117;-138.9627
3.119972;-145.8681
3.054378;-205.3538
2.786687;-313.1632
2.310655;-415.9969
1.683178;-483.9999
0.970166;-526.6767
0.235804;-547.7546
-0.44899;-590.1312
-1.088925;-649.5331
-1.73681;-688.6105
-2.380053;-708.8865
-2.950208;-745.1117
-3.434671;-798.9795
-3.882235;-829.7366
-4.297892;-847.1851
-4.66983;-894.3841
-5.07005;-945.0712
-5.566106;-952.2457
-6.085639;-941.7745
-6.494303;-949.15
-6.738227;-980.3937
-6.877788;-1013.1769
-6.994502;-1011.7114
-7.087047;-1009.2997
-7.154596;-1034.8467
-7.263147;-1042.002
-7.437793;-1046.0432
-7.680661;-1073.7893
-8.032025;-1103.6539
-8.524617;-1138.5705
-9.168747;-1174.3568
-9.932968;-1195.1973
-10.71944;-1215.4153
-11.426775;-1254.6226
-12.02818;-1304.7002
-12.551851;-1335.9569
-12.996525;-1349.7909
-13.329014;-1365.2303
-13.537361;-1379.24
-13.634624;-1391.0572
-13.642018;-1384.4735
-13.560873;-1333.5219
-13.408226;-1259.6763
-13.244238;-1160.0795
-13.082976;-1051.2371
-12.900371;-935.8464
-12.683081;-803.2362
-12.432302;-673.4844
-12.172174;-552.2009
-11.906004;-440.8826
-11.613531;-348.4481
-11.288552;-254.1945
-10.893969;-142.1564
-10.346922;-42.6292
-9.618902;5.4916
-8.805745;25.5475
-8.042102;65.0217
-7.358121;148.0642
-6.635041;232.1879
-5.756055;281.2383
-4.742136;307.4068
-3.704226;359.935
-2.683539;441.1554
-1.631143;513.9147
-0.519738;568.4088
0.609459;616.7262
1.693303;678.3662
2.712592;745.5413
3.690516;822.8112
4.689397;905.8473
5.767009;962.7171
6.885454;1000.1824
7.938621;1048.1186
8.836186;1071.2692
9.467883;1088.7026
9.781132;1141.3837
9.873938;1175.775
9.856635;1159.9552
9.781394;1124.7718
9.714072;1103.1419
9.730977;1104.9588
9.852218;1125.2644
10.065504;1172.389
10.38615;1230.7507
10.838417;1273.5863
11.388707;1281.5682
11.931048;1303.6447
12.414227;1343.4958
12.853479;1364.4212
13.237114;1380.5383
13.550374;1408.5152
13.822532;1437.5392
14.091225;1448.8461
14.349408;1457.2421
14.585398;1482.4079
14.844762;1526.6011
15.210245;1550.2099
15.678692;1545.4743
16.156087;1568.5693
16.618545;1618.9357
17.121251;1648.6052
17.669932;1667.0784
18.22888;1698.4281
18.786182;1727.8374
19.323694;1740.2662
19.782921;1750.1719
20.11589;1773.0242
20.335881;1795.1399
20.478541;1798.9453
20.536727;1768.595
20.447816;1686.4107
20.187337;1545.5879
19.850442;1370.2579
19.548691;1190.5891
19.295827;1043.6169
19.066707;937.4896
18.864141;853.2448
18.681349;777.5741
18.481305;705.9986
18.233376;645.7607
17.955461;605.1813
17.70379;575.4788
17.51945;556.6576
17.409536;535.118
17.327602;508.2285
17.202069;491.5906
17.013116;488.3732
16.800674;472.6819
16.582331;448.2394
16.343958;424.6603
16.06447;390.1257
15.712634;365.9037
15.298023;348.4938
14.857287;320.0467
14.400811;287.7226
13.925541;259.1796
13.446056;238.1251
12.991414;200.5643
12.543611;152.445
12.06618;132.7382
11.604956;130.2458
11.243359;103.7325
10.972261;53.9928
10.700589;27.2399
10.388287;12.6207
10.033341;-25.5892
9.593671;-57.3301
9.068463;-54.6937
8.558483;-62.8973
8.138483;-93.4134
7.805866;-111.3344
7.558667;-123.7729
7.38952;-147.3644
7.238915;-186.1513
7.016774;-197.7405
6.716879;-200.0397
6.379736;-222.7862
6.022115;-224.8611
5.70741;-222.08
5.508605;-226.3811
5.448817;-242.5336
5.470985;-269.907
5.443667;-295.854
5.285243;-293.9857
5.033951;-294.4334
4.747868;-319.5265
4.427782;-340.5094
4.076695;-355.824
3.708274;-387.5071
3.303404;-415.0757
2.859672;-428.5336
2.41472;-451.6259
1.983757;-483.6032
1.551424;-511.2629
1.114871;-525.7821
0.712414;-530.7426
0.389138;-559.4725
0.110848;-594.6793
-0.184208;-606.7925
-0.488583;-605.2203
-0.747553;-611.2591
-0.946591;-641.8442
-1.1542;-671.1381
-1.435388;-686.6246
-1.78931;-699.8158
-2.178898;-717.5728
-2.566779;-731.3944
-2.901872;-726.1076
-3.11255;-737.9608
-3.211128;-776.4196
-3.304609;-796.2449
-3.4427;-778.5083
-3.55401;-762.7538
-3.580279;-783.131
-3.589932;-809.4811
-3.681618;-817.7945
-3.869016;-821.0356
-4.114459;-835.0454
-4.393041;-851.8778
-4.6934;-871.6059
-5.012712;-889.4521
-5.344002;-905.4001
-5.678337;-926.6281
-6.020884;-947.909
-6.371663;-956.3038
-6.698612;-966.6798
-6.986589;-997.0434
-7.27865;-1021.9791
-7.597815;-1022.2203
-7.897685;-1030.1576
-8.153292;-1055.1547
-8.392435;-1066.021
-8.61035;-1056.8409
-8.756883;-1055.3063
-8.824929;-1058.1217
-8.867155;-1055.6277
-8.931779;-1043.8503
-9.006195;-1028.3231
-9.0506;-1028.1491
-9.062799;-1012.9298
-9.034676;-993.3444
-8.983644;-972.6429
-8.946329;-947.4963
-8.928934;-946.4961
-8.948793;-954.6023
-8.992236;-945.4315
-8.988935;-933.2783
-8.916401;-908.3039
-8.836087;-873.8727
-8.798981;-843.1864
-8.785794;-820.2974
-8.762006;-815.5584
-8.758812;-827.4846
-8.820127;-842.474
-8.906305;-839.1647
-8.910569;-821.046
-8.805977;-783.4046
-8.703833;-759.7766
-8.744787;-787.3534
-8.955934;-852.2798
-9.246659;-948.5575
-9.558581;-1030.3297
-9.86341;-1077.4349
-10.125332;-1115.0991
-10.339325;-1141.1394
-10.513077;-1158.9655
-10.652125;-1172.8165
-10.757259;-1178.7292
-10.81058;-1173.0503
-10.772474;-1139.1407
-10.611926;-1047.7149
-10.345977;-897.3346
-10.007808;-696.2147
-9.617082;-477.3048
-9.226397;-301.6869
-8.921645;-182.9816
-8.706695;-93.9665
-8.506262;-40.7122
-8.302248;-19.7832
-8.153312;-4.5407
-8.089687;14.914
-8.06693;34.5141
-8.004612;54.918
-7.853921;71.1469
-7.624361;96.5801
-7.33875;121.0189
-7.028004;139.7136
-6.723216;167.1655
-6.423057;191.5702
-6.126556;203.6852
-5.861169;212.9234
-5.653612;227.2397
-5.493265;254.7984
-5.315838;288.2014
-5.049452;304.1072
-4.687346;316.2947
-4.262653;334.6141
-3.810639;353.1807
-3.362135;383.9267
-2.919477;412.613
-2.489456;429.7894
-2.102718;449.7204
-1.77154;475.7889
-1.475536;496.3165
-1.198418;505.2534
-0.94881;514.3496
-0.728541;531.3328
-0.511218;549.6579
-0.269618;561.1257
-0.006046;572.4165
0.25638;575.0173
0.4732;577.9644
0.623169;598.4996
0.745632;609.0875
0.866166;607.523
0.976675;613.3839
1.081791;620.8793
1.190326;623.6226
1.293977;624.6576
1.376682;628.2368
1.433717;636.1185
1.480781;650.935
1.547504;660.1271
1.640342;663.514
1.747158;679.1332
1.884801;700.8308
2.082348;715.1619
2.335812;720.8495
2.61113;735.7751
2.897724;759.7098
3.205873;770.7358
3.516536;783.6548
3.811684;802.7141
4.091764;817.3487
4.360855;842.0399
4.646468;862.987
4.956164;864.41
5.237927;862.5288
5.440699;879.4639
5.590793;909.2406
5.760204;918.9567
5.959976;914.8145
6.144895;916.6515
6.285159;925.4256
6.390836;939.6474
6.498028;951.268
6.630264;957.5619
6.778562;960.9202
6.907159;955.143
6.955904;941.2223
6.870978;890.8227
6.66312;781.7395
6.393506;631.9801
6.113963;475.5382
5.856809;329.7218
5.636625;211.6443
5.467757;131.6404
5.362341;80.9508
5.306051;50.4529
5.265213;23.3795
5.209632;4.3618
5.159935;-0.8723
5.16651;5.7947
5.229928;22.1192
5.277791;29.9418
5.241409;6.7838
5.110728;-44.6836
4.927462;-103.4331
4.742591;-163.5249
4.563336;-218.7706
4.374207;-251.4301
4.19542;-272.3274
4.049806;-299.8759
3.915016;-323.7532
3.763176;-336.3512
3.599518;-344.4136
3.440757;-364.4029
3.266219;-398.0788
3.020519;-432.4258
2.669197;-449.3971
2.246101;-461.516
1.805153;-492.5308
1.348271;-530.0154
0.856698;-553.6923
0.354231;-566.4104
-0.099029;-577.5819
-0.452257;-595.1474
-0.701434;-618.2834
-0.883996;-634.4611
-1.038292;-648.7399
-1.202002;-671.157
-1.422029;-692.7872
-1.716582;-699.4992
-2.039189;-699.1933
-2.319;-708.9027
-2.520243;-715.6753
-2.6242;-713.1397
-2.617996;-697.5208
-2.525451;-648.1797
-2.397561;-571.1382
-2.266964;-494.062
-2.156552;-433.8781
-2.081717;-381.4473
-2.012534;-325.2951
-1.900955;-258.6673
-1.74627;-177.5743
-1.58561;-86.7492
-1.444194;-10.3534
-1.347743;29.0813
-1.338043;22.1526
-1.439593;-40.2731
-1.636066;-145.226
-1.873317;-259.2884
-2.092347;-357.1179
-2.277403;-438.5116
-2.460892;-504.9036
-2.663453;-553.2053
-2.861429;-595.6265
-3.030347;-621.0138
-3.137846;-616.1037
-3.13662;-591.0304
-3.026922;-524.5806
-2.850543;-411.369
-2.63303;-279.8849
-2.403326;-160.0707
-2.213406;-61.7556
-2.0857;10.7017
-1.997181;59.6412
-1.921309;92.3221
-1.856701;118.783
-1.80652;147.0072
-1.759827;168.5269
-1.718398;184.7938
-1.686525;203.6837
-1.650513;214.5965
-1.612674;225.2446
-1.576754;237.7101
-1.543784;235.3424
-1.542319;222.153
-1.584389;202.7579
-1.634194;175.7955
-1.657722;162.7675
-1.638514;169.3211
-1.584019;188.0968
-1.512128;228.7242
-1.409429;272.626
-1.27826;310.1283
-1.149042;349.5902
-1.02371;398.1503
-0.860519;449.2909
-0.632649;485.1277
-0.385007;497.6232
-0.204076;515.3468
-0.11404;542.9358
-0.071983;550.8943
-0.06094;529.8425
-0.107984;494.3912
-0.20213;451.2852
-0.280961;401.236
-0.324111;357.8268
-0.357094;325.7946
-0.397535;291.6605
-0.454431;249.2554
-0.532454;199.9295
-0.624738;142.7594
-0.725274;81.4747
-0.829259;27.2961
-0.911601;-3.0656
-0.941934;-31.5641
-0.972907;-75.716
-1.093742;-142.0347
-1.303591;-228.7425
-1.524831;-332.8094
-1.727703;-434.0656
-1.927003;-498.844
-2.088656;-536.6631
-2.171139;-562.8339
-2.188803;-580.7623
-2.195768;-587.9404
-2.217232;-583.3827
-2.229329;-585.0894
-2.22528;-590.0753
-2.222794;-589.1596
-2.227224;-591.4907
-2.236116;-587.8659
-2.227;-571.7644
-2.168129;-533.1104
-2.050495;-466.9046
-1.898874;-394.009
-1.767339;-323.655
-1.67404;-259.0968
-1.589114;-210.875
-1.515047;-184.9553
-1.502581;-188.0381
-1.575807;-215.9442
-1.68891;-267.4947
-1.800426;-327.0841
-1.90894;-374.8409
-2.012324;-412.3376
-2.104072;-439.8584
-2.180251;-455.5931
-2.230952;-449.7077
-2.222381;-412.909
-2.118392;-343.2038
-1.938869;-247.8493
-1.748811;-141.136
-1.581606;-44.3511
-1.431218;39.0546
-1.27648;125.5112
-1.091132;207.1075
-0.888223;279.7421
-0.69538;358.2953
-0.486082;436.4284
-0.225551;488.6399
0.054059;529.3668
0.310305;563.7773
0.525574;586.4202
0.696522;613.9692
0.85078;634.8391
1.00058;631.4894
1.10646;636.8985
1.165691;662.0384
1.24094;679.3217
1.378313;687.4786
1.573479;683.8382
1.77532;681.8376
1.940458;695.2893
2.079349;712.9341
2.229061;729.0955
2.418027;739.0497
2.645209;748.2563
2.895605;764.8606
3.159205;773.9404
3.41258;791.0232
3.656587;816.8634
3.912966;828.5318
4.167975;835.3593
4.393149;846.8726
4.588037;870.7843
4.799061;898.204
5.076351;910.4542
5.411428;915.6263
5.75814;929.6881
6.08354;940.2662
6.360847;954.4242
6.585323;970.1284
6.766239;974.4336
6.897889;978.8991
6.983029;983.3984
7.034788;975.9255
7.050034;957.0884
7.019837;932.6527
6.955147;886.7146
6.854872;816.3507
6.706014;730.64
6.529487;642.8622
6.378157;561.3811
6.273319;497.1647
6.196575;451.8871
6.132274;420.7185
6.08936;404.8478
6.088146;408.877
6.137957;440.7234
6.233941;488.8044
6.340109;529.9238
6.402476;557.1448
6.413317;570.216
6.40796;559.4685
6.382405;523.031
6.294814;466.2156
6.140591;375.5525
5.933549;250.9567
5.671976;109.9286
5.353321;-35.2688
4.972659;-162.3372
4.53086;-255.2301
4.043917;-316.0431
3.535736;-361.6577
3.016801;-405.0251
2.477622;-444.4457
1.915719;-471.2263
1.369951;-484.1076
0.905453;-511.6813
0.530538;-551.4313
0.20429;-571.9564
-0.079101;-582.8564
-0.307775;-604.1649
-0.505133;-624.3555
-0.699128;-630.065
-0.884908;-638.6293
-1.067361;-662.1797
-1.28489;-678.7748
-1.548027;-684.0033
-1.82554;-696.5365
-2.101628;-720.3897
-2.392456;-740.0594
-2.699944;-747.3302
-2.985366;-749.7892
-3.198339;-756.5562
-3.317211;-768.2386
-3.363054;-781.9221
-3.386196;-776.5264
-3.40596;-760.2887
-3.412048;-747.7733
-3.403947;-730.7553
-3.38598;-720.7472
-3.381698;-718.3151
-3.40954;-716.4999
-3.459764;-721.9841
-3.524465;-735.14
-3.611398;-751.8478
-3.727212;-761.4912
-3.857944;-777.1566
-4.00015;-790.4375
-4.142108;-786.6424
-4.234623;-776.4779
-4.23781;-764.4198
-4.172798;-730.273
-4.08974;-675.1935
-4.003891;-616.1925
-3.91207;-568.1718
-3.842007;-544.0592
-3.831823;-531.7502
-3.844636;-513.5455
-3.803645;-490.7724
-3.708912;-449.7134
-3.612175;-391.8767
-3.523711;-323.6148
-3.405222;-242.8845
-3.23401;-148.732
-3.033651;-40.6211
-2.825269;72.2965
-2.598027;183.0127
-2.334815;274.1042
-2.058131;338.5847
-1.810304;386.7722
-1.609652;415.5605
-1.464172;432.7544
-1.375642;439.4792
-1.343246;439.8532
-1.349403;442.1793
-1.344872;442.0316
-1.303992;437.9676
-1.243799;445.3316
-1.172768;458.3357
-1.092765;466.2217
-1.023152;471.5355
-0.983407;481.1906
-0.961354;499.0816
-0.914428;510.9273
-0.823879;517.4391
-0.698972;532.026
-0.540959;546.3076
-0.357981;551.2197
-0.185592;552.6795
-0.058322;566.0689
0.037011;586.3544
0.138809;590.9477
0.24516;586.5974
0.326213;582.4244
0.355993;553.0154
0.296528;498.9009
0.149565;414.0894
-0.037483;295.8395
-0.23681;179.3915
-0.414103;86.8376
-0.528689;20.2963
-0.578389;-7.2779
-0.572053;-0.2278
-0.521817;21.403
-0.459955;56.3801
-0.398902;93.4119
-0.342405;111.6376
-0.33086;99.4909
-0.411033;45.2758
-0.584441;-51.4659
-0.809963;-177.2954
-1.050658;-308.5161
-1.297744;-423.1963
-1.546966;-508.6888
-1.778423;-570.4401
-1.975224;-611.181
-2.123795;-631.2092
-2.207273;-643.2812
-2.230608;-652.6952
-2.225896;-650.0232
-2.219259;-639.3959
-2.216729;-634.3481
-2.22494;-631.7893
-2.238878;-624.029
-2.225525;-603.3909
-2.14824;-563.7776
-2.022783;-499.7841
-1.878709;-400.1391
-1.68875;-271.6609
-1.425405;-115.2993
-1.115818;59.2315
-0.817543;209.2293
-0.58034;309.6923
-0.423059;370.2028
-0.335842;397.1516
-0.312101;397.002
-0.353411;369.1534
-0.447003;313.0329
-0.572302;232.8549
-0.714197;156.551
-0.827369;103.6222
-0.864859;77.3818
-0.829733;95.1839
-0.72798;147.3573
-0.566573;211.4486
-0.38447;272.7755
-0.226471;332.4229
-0.088131;394.7572
0.075079;448.1201
0.275954;491.814
0.492241;536.4006
0.713877;572.0415
0.931272;594.9963
1.127141;619.6673
1.311482;652.5302
1.525079;679.6828
1.787979;697.0024
2.082129;715.2497
2.383475;733.8506
2.670902;747.102
2.914547;753.983
3.087564;772.7308
3.210965;791.3735
3.310161;778.2137
3.334723;745.8553
3.219845;669.9195
2.982503;544.4085
2.711158;394.067
2.472885;252.3673
2.287471;151.196
2.178228;101.3128
2.172838;105.6286
2.264528;149.5568
2.398769;222.7413
2.539882;309.694
2.691906;385.5333
2.837717;442.164
2.943032;486.0395
3.011974;523.1681
3.078873;545.6464
3.142522;558.1385
3.174475;566.3243
3.163877;559.3674
3.113144;525.6876
3.021253;468.2955
2.899371;411.5878
2.800868;364.7467
2.757708;330.6254
2.738886;311.2072
2.708137;291.0694
2.65731;262.1776
2.597844;227.4591
2.539684;187.8288
2.476982;149.1831
2.408564;110.9889
2.336675;62.0749
2.239719;-2.2517
2.090286;-86.7404
1.890853;-170.1586
1.697708;-235.9778
1.565854;-282.5293
1.507213;-292.704
1.537104;-261.5043
1.660358;-195.6988
1.82674;-108.1005
1.979541;-19.1186
2.101943;53.7584
2.199097;107.4906
2.269339;137.9043
2.297708;150.6876
2.292258;155.2498
2.289361;155.211
2.302732;153.8378
2.305917;142.1659
2.26542;116.4245
2.189069;76.7778
2.111721;31.8475
2.053703;-1.9944
2.023338;-13.2386
2.030742;-6.0576
2.063633;5.6204
2.072132;-2.3035
2.001326;-42.1381
1.848206;-113.5713
1.655941;-195.0264
1.474083;-258.3837
1.336042;-305.0643
1.233143;-338.3756
1.132448;-365.2972
1.009023;-389.2096
0.868583;-407.4029
0.73908;-434.3111
0.618024;-465.6056
0.48644;-484.7368
0.359121;-494.0491
0.27253;-499.7729
0.238553;-519.594
0.199834;-547.0377
0.079952;-564.6178
-0.138428;-580.4558
-0.438254;-612.8695
-0.827457;-646.6395
-1.306709;-666.413
-1.832882;-688.5327
-2.364516;-722.1767
-2.891073;-751.8635
-3.395863;-772.1423
-3.841887;-792.8802
-4.205416;-819.7122
-4.501767;-852.5225
-4.770529;-868.2462
-5.013458;-873.9438
-5.213518;-893.6313
-5.393427;-911.3253
-5.579289;-919.5122
-5.77024;-926.7713
-5.955321;-932.6947
-6.122713;-940.267
-6.266777;-944.2704
-6.374263;-938.5584
-6.418543;-935.1781
-6.397489;-919.5273
-6.327444;-873.3672
-6.214652;-805.1973
-6.069168;-725.3873
-5.918163;-643.5252
-5.789164;-573.123
-5.695121;-517.4054
-5.623143;-467.8051
-5.545469;-424.1397
-5.463539;-384.4081
-5.398616;-345.6134
-5.35417;-324.3191
-5.343459;-330.2965
-5.393473;-364.5873
-5.502992;-418.9242
-5.62937;-481.4223
-5.736448;-541.1542
-5.824637;-586.1979
-5.898695;-618.0529
-5.955943;-643.7877
-6.000088;-660.9599
-6.027417;-660.7516
-6.011247;-637.9174
-5.93262;-591.0252
-5.815579;-531.4693
-5.712042;-475.4183
-5.653358;-439.9563
-5.641587;-435.0492
-5.671907;-451.2633
-5.722369;-468.6026
-5.748759;-481.3945
-5.732846;-476.0032
-5.677496;-437.9318
-5.569582;-369.6875
-5.404778;-280.9402
-5.217511;-185.1674
-5.048157;-94.6649
-4.89868;-20.8773
-4.753684;41.3495
-4.608683;83.4427
-4.496152;105.8417
-4.445835;127.6896
-4.430329;132.4264
-4.430169;119.7053
-4.457149;101.1095
-4.505947;69.6102
-4.573535;18.6541
-4.681658;-51.9584
-4.84073;-136.4093
-5.013696;-216.0234
-5.140382;-282.8133
-5.207991;-319.1134
-5.230575;-325.08
-5.220689;-322.2166
-5.207226;-316.9043
-5.208611;-314.4953
-5.214165;-312.3835
-5.199148;-301.6062
-5.144829;-266.3286
-5.036254;-202.5874
-4.876051;-122.2868
-4.695447;-36.7212
-4.522138;36.1895
-4.371414;88.6537
-4.249767;126.5416
-4.155303;141.5294
-4.106175;135.6308
-4.11625;128.7303
-4.135224;127.5644
-4.095282;130.0471
-3.995459;144.7247
-3.873278;175.3033
-3.744556;212.4842
-3.61267;234.7211
-3.51388;247.1264
-3.477533;262.6107
-3.479182;263.6803
-3.488372;247.4979
-3.517664;212.9169
-3.605048;155.7354
-3.758101;70.8582
-3.940769;-18.6549
-4.086588;-89.0651
-4.152104;-123.7981
-4.143045;-115.2544
-4.077957;-71.2153
-3.967463;-11.5262
-3.837853;44.4499
-3.72657;99.4756
-3.630252;149.7493
-3.522282;190.0617
-3.39831;226.6878
-3.267855;260.1508
-3.138769;288.4442
-3.012884;317.1692
-2.878992;342.8844
-2.728193;366.5646
-2.558829;389.1908
-2.373596;410.0423
-2.176207;433.3785
-1.964955;451.7986
-1.744859;473.2978
-1.510763;498.5946
-1.252123;512.4465
-0.986994;524.6433
-0.73356;547.0037
-0.480331;563.1107
-0.230848;561.9398
-0.024813;569.8487
0.13454;596.047
0.29957;610.1132
0.492033;607.3044
0.682257;611.9902
0.856984;630.1297
1.040636;645.9991
1.2479;653.4287
1.463252;665.3716
1.674724;680.7259
1.881472;694.8412
2.080251;704.2915
2.258161;714.5035
2.413631;735.2254
2.575826;751.2367
2.762413;757.1932
2.962363;768.7082
3.168671;776.82
3.364905;778.3785
3.523458;785.7194
3.643487;802.172
3.760843;818.5443
3.91077;824.6991
4.088314;822.3798
4.257416;826.1979
4.40043;838.4956
4.529823;847.1824
4.653866;851.1412
4.765824;854.6824
4.856769;858.9289
4.915667;850.2835
4.909563;835.2956
4.829682;797.3733
4.717625;735.6913
4.606048;665.2069
4.495929;596.9785
4.382083;526.5405
4.262405;458.1628
4.155895;409.347
4.105757;384.705
4.124167;389.8706
4.183028;413.9317
4.240454;437.1008
4.268514;456.3466
4.27909;467.3327
4.295682;478.4664
4.329242;492.8782
4.367873;502.2597
4.380694;499.9417
4.346134;475.0014
4.25915;415.8002
4.118939;334.21
3.952655;247.8061
3.8073;165.8268
3.697991;102.917
3.61218;53.8455
3.531963;19.0633
3.468454;5.157
3.456441;5.6986
3.496206;25.3546
3.556756;58.2194
3.610998;87.9614
3.647578;114.6176
3.679571;136.0102
3.710892;143.0355
3.71185;138.5984
3.665921;110.2685
3.568939;46.2418
3.404867;-46.8541
3.172224;-148.1528
2.906741;-236.165
2.654075;-302.3916
2.441361;-343.9259
2.283487;-370.9393
2.18386;-382.4655
2.149848;-382.1892
2.187201;-359.3134
2.279736;-306.9387
2.399249;-239.9227
2.519597;-171.6147
2.621544;-120.4637
2.677948;-99.5135
2.666573;-102.7731
2.608731;-115.3831
2.55357;-139.1188
2.507991;-162.5764
2.45419;-177.7329
2.395014;-193.2009
2.338037;-209.3439
2.28426;-222.488
2.238397;-229.8984
2.212515;-232.6712
2.213721;-226.0787
2.241787;-206.182
2.284419;-191.7136
2.294692;-202.1871
2.223915;-225.1124
2.087181;-264.8478
1.913301;-327.4722
1.681563;-394.9151
1.365533;-453.77
0.978238;-494.5948
0.571552;-522.5474
0.197208;-549.2354
-0.125717;-572.5563
-0.402132;-596.1459
-0.654782;-619.1701
-0.90539;-630.4139
-1.14684;-642.7367
-1.373051;-659.9314
-1.588675;-667.1824
-1.780147;-676.7448
-1.939937;-689.2307
-2.073764;-699.9348
-2.196635;-722.6973
-2.352717;-743.1462
-2.570521;-749.3965
-2.824808;-751.7736
-3.064743;-753.9302
-3.243491;-757.5599
-3.338006;-766.4049
-3.359547;-771.7298
-3.334284;-760.7832
-3.291805;-741.4402
-3.259752;-724.365
-3.248325;-711.0558
-3.24001;-695.7644
-3.204142;-674.4401
-3.138296;-640.8923
-3.065415;-605.1354
-3.014374;-578.782
-2.999372;-564.9068
-3.012473;-561.324
-3.031989;-553.927
-3.025496;-539.5606
-2.970721;-494.2274
-2.834858;-394.732
-2.587475;-253.8567
-2.274597;-95.1297
-1.995542;44.8154
-1.814502;131.718
-1.747256;155.1675
-1.797811;120.237
-1.945009;42.2647
-2.130308;-57.9394
-2.306264;-166.1319
-2.475511;-268.3388
-2.655689;-368.3202
-2.858034;-470.5429
-3.084307;-556.4296
-3.299999;-612.6633
-3.445816;-638.6045
-3.47915;-645.5496
-3.417184;-623.3927
-3.333233;-580.9397
-3.274671;-533.1954
-3.222058;-491.8479
-3.156106;-462.3868
-3.104666;-439.055
-3.081774;-412.9969
-3.045052;-380.8868
-2.957186;-331.1145
-2.815521;-236.9982
-2.600658;-101.8017
-2.304947;60.4603
-1.961919;221.8047
-1.601282;354.4364
-1.220018;452.8332
-0.809588;504.7656
-0.417625;518.6284
-0.134678;524.7223
-0.006298;546.5633
0.021345;563.5118
0.026028;546.3302
0.003611;513.6157
-0.066871;480.257
-0.142508;443.6095
-0.189563;401.0103
-0.24015;364.205
-0.313099;332.2094
-0.375627;309.7498
-0.378676;323.2161
-0.281802;365.1143
-0.088758;431.1639
0.173509;499.4166
0.464334;538.9969
0.716289;568.6342
0.905115;611.9417
1.08653;645.9195
1.302942;656.8014
1.528112;665.5854
1.725733;680.9205
1.88807;692.6311
2.011828;692.217
2.079693;684.1376
2.095318;670.8531
2.101152;643.6827
2.117113;599.7206
2.104952;544.1547
2.018719;472.8684
1.85731;370.1787
1.645626;240.8854
1.404259;107.4288
1.162595;-16.6674
0.951735;-123.9267
0.780321;-216.0649
0.629123;-290.479
0.484641;-348.1918
0.357551;-384.7324
0.282051;-397.011
0.289927;-388.3268
0.370515;-342.2938
0.49883;-261.2386
0.665169;-159.7165
0.861093;-41.4985
1.079446;89.992
1.312865;217.0281
1.53164;318.8299
1.69856;394.2876
1.810894;441.7139
1.881714;466.079
1.919702;480.0272
1.940198;481.2957
1.944108;459.1755
1.898041;413.5039
1.780318;339.562
1.609541;238.4051
1.422756;139.6187
1.265836;52.2306
1.144454;-23.0055
1.028365;-82.4448
0.911143;-136.6622
0.803957;-186.5436
0.711702;-227.9233
0.627768;-268.3563
0.529826;-309.4261
0.406441;-345.0559
0.272967;-383.2191
0.132599;-422.4083
-0.024513;-455.3045
-0.190439;-480.9775
-0.34142;-504.6696
-0.457507;-512.041
-0.503493;-507.7352
-0.455363;-479.9937
-0.338108;-415.2825
-0.191028;-327.5482
-0.030943;-232.7218
0.132605;-149.5895
0.263211;-94.2328
0.316735;-74.9023
0.296347;-78.5279
0.263814;-93.8556
0.264754;-100.6213
0.304292;-79.5162
0.384282;-30.376
0.501019;26.5171
0.611365;79.809
0.674605;119.7601
0.692832;133.8504
0.683565;136.5685
0.675386;142.7589
0.700637;167.6671
0.778602;209.127
0.887159;251.5643
0.977311;291.8324
1.0376;322.0842
1.088747;340.5574
1.140977;350.9138
1.183763;358.1173
1.211932;371.4681
1.248415;393.7758
1.313844;415.9756
1.389674;448.4191
1.467531;492.5513
1.55995;516.5486
1.629663;522.8708
1.63314;516.7463
1.5848;492.3321
1.523747;450.592
1.458043;405.044
1.382062;361.24
1.307504;325.7224
1.2653;311.8663
1.275772;306.6822
1.296028;299.7875
1.267778;286.0446
1.197787;257.2664
1.128064;214.4101
1.064995;170.7454
0.993861;127.5707
0.904707;66.6652
0.770123;-23.8626
0.562755;-136.9051
0.309345;-247.1205
0.074023;-345.5546
-0.127921;-426.4029
-0.31762;-474.7486
-0.480684;-506.1467
-0.600774;-541.4896
-0.712722;-578.8657
-0.862791;-595.4535
-1.031218;-601.8887
-1.171363;-619.2092
-1.286828;-645.836
-1.417673;-656.5678
-1.56032;-654.5806
-1.676111;-663.695
-1.767113;-686.2521
-1.885915;-710.0723
-2.083154;-728.6852
-2.376184;-753.1287
-2.759625;-761.1215
-3.171589;-763.8099
-3.547299;-795.7281
-3.909002;-831.8038
-4.298283;-847.1159
-4.695167;-857.0778
-5.054268;-875.0251
-5.359031;-901.2915
-5.628667;-925.5178
-5.884521;-940.6574
-6.125412;-951.6856
-6.333255;-952.7236
-6.46193;-936.5991
-6.436882;-891.3955
-6.222948;-775.2224
-5.89559;-605.5391
-5.562177;-405.1079
-5.241236;-210.4612
-4.914013;-45.5207
-4.588984;95.6915
-4.246377;225.6109
-3.818532;327.7873
-3.278052;375.1959
-2.701007;392.3425
-2.189374;422.5569
-1.770639;453.4094
-1.436209;467.6624
-1.200075;474.7794
-1.075297;490.4692
-1.025584;515.8985
-0.969187;540.9022
-0.825403;565.8972
-0.549292;576.8399
-0.173077;576.6093
0.220348;589.1103
0.584924;619.2758
0.943353;658.6798
1.354291;695.9501
1.866431;736.2003
2.513211;781.7558
3.297239;807.3723
4.134909;823.3926
4.913366;869.7576
5.610188;924.4175
6.243092;949.4741
6.769832;965.4235
7.14533;1000.397
7.405079;1035.8453
7.604788;1034.4029
7.711182;1004.9905
7.64113;936.0324
7.380685;787.7355
7.008718;572.766
6.595597;323.3013
6.153559;87.4118
5.688279;-82.2244
5.238187;-178.3995
4.839097;-248.6634
4.467451;-299.1612
4.095282;-322.7531
3.735481;-353.4497
3.377588;-387.4444
2.999829;-404.8294
2.619975;-421.7442
2.262364;-440.6953
1.938183;-459.161
1.650601;-474.3135
1.404213;-486.3034
1.199665;-506.1459
1.0035;-538.2695
0.746716;-569.4726
0.379068;-587.3002
-0.081277;-592.3014
-0.561193;-605.741
-1.015522;-644.4526
-1.473795;-678.6724
-1.958356;-695.6246
-2.440167;-718.4883
-2.893074;-745.5634
-3.304606;-768.8325
-3.668684;-804.5685
-4.018476;-843.3367
-4.387876;-854.4771
-4.732748;-852.6656
-4.977575;-864.5532
-5.1047;-881.2937
-5.143802;-883.1963
-5.120627;-854.4965
-5.033767;-788.2343
-4.867018;-676.5386
-4.609371;-517.5085
-4.264268;-309.1986
-3.834169;-52.3359
-3.303324;203.6451
-2.659341;381.8484
-1.913173;470.4011
-1.10863;517.3886
-0.298132;563.7499
0.493509;608.6947
1.252344;648.7755
1.96305;691.6904
2.625681;734.5025
3.245178;765.6157
3.804153;792.7812
4.28434;823.9882
4.687145;846.1495
5.012086;870.3562
5.282122;905.0204
5.553048;929.3311
5.851532;941.3749
6.158405;952.3987
6.44348;965.166
6.691705;984.8149
6.917163;1003.8547
7.138931;1015.657
7.359117;1027.2304
7.570885;1033.5318
7.753546;1041.1596
7.891695;1053.2563
7.982857;1055.3736
8.014626;1056.5344
8.005248;1067.7085
8.04146;1087.5861
8.198649;1095.7566
8.458116;1092.6095
8.733225;1095.003
8.956268;1110.6104
9.113913;1114.4741
9.190239;1106.076
9.165144;1082.4433
9.055061;1013.3964
8.889356;907.649
8.690769;790.9345
8.498667;685.0959
8.358544;601.1829
8.27734;543.559
8.221929;499.5859
8.143196;438.3032
7.984872;334.6325
7.711939;194.0849
7.346905;48.5707
6.936425;-70.7977
6.504734;-146.9767
6.069586;-197.9833
5.633974;-244.8229
5.17381;-285.1371
4.668127;-318.0838
4.123969;-340.3428
3.57953;-367.4127
3.061362;-398.5245
2.576909;-425.3918
2.126247;-460.9765
1.679163;-498.1342
1.204704;-516.8622
0.721466;-535.8866
0.246913;-576.0302
-0.255177;-617.4734
-0.813964;-639.871
-1.3916;-658.1266
-1.929053;-685.8783
-2.407765;-726.7229
-2.856613;-758.3069
-3.281458;-767.685
-3.626401;-769.7777
-3.826714;-780.25
-3.874885;-799.6571
-3.833421;-795.3584
-3.795986;-792.271
-3.848705;-793.9285
-3.996147;-784.7771
-4.16553;-794.2451
-4.322585;-813.6753
-4.469019;-809.2203
-4.558389;-787.4263
-4.527246;-744.17
-4.369216;-648.2979
-4.136507;-513.4113
-3.888682;-368.0623
-3.657893;-235.5801
-3.451792;-120.4241
-3.267113;-31.4899
-3.125089;20.7775
-3.060073;56.9404
-3.037417;89.8865
-2.980527;115.7553
-2.881434;144.0818
-2.781151;185.1255
-2.686237;225.5757
-2.587764;252.5653
-2.504267;272.537
-2.455587;288.5746
-2.440739;295.6105
-2.458137;279.0358
-2.5286;233.8778
-2.658082;170.2058
-2.805536;92.4219
-2.939929;6.214
-3.078807;-82.6996
-3.240775;-168.8969
-3.396462;-241.503
-3.496209;-288.1614
-3.522002;-290.4759
-3.465139;-238.6913
-3.31046;-145.9382
-3.085443;-34.4283
-2.854795;78.3102
-2.655973;164.622
-2.504015;221.3408
-2.395467;269.5746
-2.29912;293.0662
-2.223978;300.1979
-2.195827;308.6324
-2.201296;291.7802
-2.247157;249.1621
-2.348783;192.9695
-2.473244;127.6663
-2.577553;64.5761
-2.656483;10.0797
-2.724206;-20.937
-2.75751;-30.9063
-2.74209;-40.0355
-2.732014;-45.2525
-2.767358;-62.6867
-2.845133;-112.3806
-2.962273;-175.4212
-3.091988;-240.0723
-3.198451;-298.4543
-3.27463;-339.6535
-3.332115;-369.3536
-3.383183;-385.7867
-3.417639;-393.1967
-3.428621;-403.4398
-3.440978;-408.233
-3.457965;-402.9915
-3.449299;-393.9993
-3.411903;-378.0435
-3.368337;-350.8142
-3.319892;-319.0595
-3.255456;-282.9669
-3.171189;-235.1844
-3.064091;-177.3793
-2.941256;-119.0915
-2.832898;-74.816
-2.775861;-48.1376
-2.774077;-48.7056
-2.813855;-75.2
-2.882866;-115.3445
-2.964206;-159.949
-3.037187;-196.1872
-3.084095;-223.4517
-3.11454;-246.6826
-3.156625;-267.7759
-3.215131;-291.0051
-3.275716;-321.3822
-3.339451;-352.1802
-3.407799;-375.681
-3.456245;-377.8486
-3.436119;-344.785
-3.314718;-272.5833
-3.104601;-143.1641
-2.798833;34.6495
-2.379604;213.3899
-1.892452;348.102
-1.405108;443.4536
-0.920382;518.711
-0.397719;559.5105
0.149571;580.2688
0.668963;613.796
1.149835;652.5427
1.606205;676.0898
2.020857;693.5557
2.363639;710.8913
2.617906;725.5057
2.783715;741.5118
2.876433;744.5294
2.884734;721.9262
2.762841;640.4687
2.510668;513.0274
2.219264;361.7628
1.966947;205.497
1.744613;76.2978
1.546891;-17.6996
1.401859;-87.3201
1.307415;-130.224
1.244863;-148.3021
1.210635;-159.5235
1.190292;-172.1667
1.161233;-180.9729
1.129609;-188.5458
1.112368;-198.7509
1.099237;-211.8509
1.067204;-227.277
1.016859;-247.7165
0.964634;-272.0572
0.910237;-312.3951
0.814642;-357.7904
0.663966;-396.8704
0.489331;-447.0804
0.288801;-500.1733
0.035729;-542.7367
-0.266662;-565.5799
-0.563082;-572.2055
-0.778767;-581.1169
-0.886244;-603.9855
-0.928378;-621.5116
-0.958409;-636.3531
-1.022699;-658.6222
-1.166467;-673.7026
-1.388311;-672.9907
-1.62695;-674.7198
-1.828855;-689.5596
-1.993274;-705.6744
-2.144756;-721.0746
-2.308568;-732.1243
-2.489223;-735.841
-2.667521;-746.6947
-2.839036;-762.5601
-3.003541;-757.5827
-3.109844;-745.7929
-3.110786;-751.3182
-3.045537;-724.3281
-2.963523;-664.8974
-2.852256;-588.006
-2.688607;-491.1037
-2.483679;-380.3779
-2.276811;-266.0265
-2.097198;-166.9359
-1.959218;-92.2962
-1.85964;-27.9434
-1.757698;39.2977
-1.612027;114.5145
-1.432445;186.3003
-1.269714;251.4917
-1.145732;302.9056
-1.050696;335.7989
-0.977282;362.6861
-0.918142;377.877
-0.881906;385.8875
-0.871434;400.0443
-0.852707;410.7511
-0.807023;415.9074
-0.757577;416.638
-0.739792;410.3321
-0.767799;390.273
-0.827211;355.2721
-0.890716;318.8587
-0.932191;292.7829
-0.935884;293.2537
-0.883214;315.5357
-0.772778;351.6724
-0.623404;405.3736
-0.436593;460.3868
-0.218643;498.4027
-0.01242;519.1918
0.127557;534.3098
0.185507;556.2033
0.205981;572.2261
0.241882;577.4071
0.301404;574.6009
0.352049;567.5654
0.358622;557.7605
0.316072;529.2561
0.230776;468.0282
0.098898;391.4438
-0.057086;304.223
-0.213979;203.4494
-0.383825;105.3258
-0.560679;13.6972
-0.717386;-75.3245
-0.857413;-161.0578
-1.008557;-244.576
-1.181794;-331.2278
-1.372964;-419.4025
-1.578007;-495.5838
-1.776141;-543.3571
-1.922316;-577.8491
-2.005025;-607.2891
-2.046493;-608.0954
-2.02694;-581.7668
-1.911036;-508.6428
-1.697587;-383.9035
-1.4179;-230.6612
-1.125963;-65.5335
-0.850144;96.824
-0.579044;236.7916
-0.307671;338.7474
-0.065875;408.056
0.119258;451.6288
0.241658;475.4292
0.308173;486.505
0.331103;485.2232
0.318695;472.8172
0.280781;451.7996
0.239484;433.8635
0.225152;430.178
0.253368;436.606
0.304223;441.0236
0.329582;439.6149
0.296813;424.8534
0.219438;392.466
0.14069;356.9334
0.093319;329.325
0.075842;312.9094
0.069872;302.6775
0.062373;297.1891
0.057314;295.6191
0.062725;296.7053
0.076792;307.3453
0.107581;335.1728
0.179097;370.9205
0.281595;396.7265
0.356649;421.6637
0.380286;435.5057
0.369311;415.2904
0.312929;364.3819
0.189211;282.3481
0.004992;172.0174
-0.204445;55.1547
-0.388524;-41.1171
-0.504751;-100.6055
-0.542667;-122.3323
-0.521254;-108.1222
-0.459538;-67.9851
-0.369863;-17.6678
-0.274088;33.7004
-0.194925;76.7429
-0.144165;104.3371
-0.123208;116.8423
-0.125294;114.7669
-0.146227;99.3544
-0.190101;68.3099
-0.266091;20.7695
-0.373854;-39.7072
-0.495767;-103.9907
-0.610551;-167.5612
-0.717489;-226.2315
-0.825639;-278.8178
-0.92803;-317.6442
-0.989416;-332.533
-0.973742;-323.5452
-0.897809;-292.019
-0.814804;-251.5884
-0.760632;-226.8496
-0.752449;-230.3967
-0.79782;-256.9312
-0.883174;-298.0214
-0.981277;-341.1626
-1.069701;-379.6327
-1.144915;-411.8216
-1.219258;-443.1337
-1.315211;-482.465
-1.455745;-524.4909
-1.633674;-560.2819
-1.810296;-590.4224
-1.952658;-613.6339
-2.048878;-629.6536
-2.105132;-644.0979
-2.146519;-658.607
-2.204361;-671.612
-2.289956;-674.352
-2.375695;-678.792
-2.439254;-692.7192
-2.489945;-697.9693
-2.526869;-693.3874
-2.534335;-685.7889
-2.510083;-671.9169
-2.464769;-645.6248
-2.403378;-608.8286
-2.32651;-566.3703
-2.243039;-520.6353
-2.161011;-468.9322
-2.073193;-417.0805
-1.982917;-371.773
-1.908462;-323.7669
-1.836193;-272.2122
-1.742664;-224.0286
-1.64547;-173.499
-1.565754;-123.7328
-1.498958;-83.788
-1.439577;-48.9703
-1.380221;-7.4036
-1.298787;40.8696
-1.18766;97.882
-1.055342;170.5844
-0.894585;253.105
-0.694421;337.6545
-0.461998;411.7099
-0.223397;470.9479
-0.000694;516.7482
0.198441;548.9814
0.366821;566.0831
0.484629;574.2231
0.535878;582.4552
0.529458;580.0236
0.482202;548.6085
0.401845;496.4378
0.296972;437.0734
0.19648;386.3613
0.141586;362.1825
0.161897;374.3832
0.260059;406.1094
0.40452;448.8511
0.563585;496.8061
0.727624;531.6946
0.875353;551.673
0.980083;574.2065
1.054732;595.2976
1.126351;601.1801
1.189726;606.9798
1.242095;620.4941
1.30319;627.4411
1.377215;631.053
1.453941;636.6273
1.522166;633.1293
1.556689;628.198
1.549395;622.6208
1.526622;606.8059
1.50578;582.4941
1.478833;560.9141
1.446602;539.9564
1.411165;504.7448
1.338835;443.3077
1.185166;343.9011
0.94127;201.6669
0.636776;28.1378
0.315893;-141.5762
0.026616;-280.604
-0.208979;-378.2514
-0.389458;-430.3413
-0.494471;-448.7948
-0.498469;-439.1684
-0.403583;-383.7018
-0.247121;-298.0953
-0.07976;-201.8975
0.071654;-109.9159
0.205382;-36.1914
0.308678;13.7385
0.35885;36.0356
0.349152;27.2964
0.292623;-5.2809
0.214891;-49.1914
0.14292;-87.0271
0.10196;-107.0643
0.104254;-108.6231
0.137359;-91.5531
0.185426;-59.9863
0.249596;-15.0559
0.342898;44.4507
0.466497;110.3522
0.587453;163.9957
0.649691;184.3956
0.614565;162.8785
0.497263;99.9286
0.341613;9.4575
0.1776;-83.4426
0.023716;-160.3021
-0.103845;-211.6302
-0.188533;-232.4074
-0.211706;-222.4592
-0.161597;-180.2228
-0.042646;-101.3751
0.128066;-2.5622
0.315058;98.1839
0.479317;184.7973
0.597038;243.9391
0.659772;278.1336
0.675809;281.0025
0.643569;252.1792
0.556982;201.6645
0.43731;134.0119
0.31138;56.4747
0.182687;-24.8043
0.041942;-104.4256
-0.102507;-172.9056
-0.21934;-223.7599
-0.287819;-256.4581
-0.320491;-276.5631
-0.348383;-291.1303
-0.393056;-312.9644
-0.466016;-346.1959
-0.567457;-382.4976
-0.679513;-422.0195
-0.794705;-465.3538
-0.928368;-504.5408
-1.087895;-535.5216
-1.258888;-562.1027
-1.425522;-586.3162
-1.581042;-604.844
-1.715895;-617.9923
-1.81806;-632.9699
-1.889634;-645.7255
-1.937643;-652.7321
-1.966898;-658.449
-1.991472;-659.2824
-2.020996;-656.5705
-2.050619;-651.7119
-2.064415;-641.8709
-2.043015;-625.1269
-1.982333;-595.56
-1.902804;-556.8412
-1.82846;-515.1112
-1.762823;-476.9146
-1.698027;-439.8695
-1.623858;-393.9917
-1.52542;-335.9642
-1.399801;-267.8506
-1.265092;-194.1167
-1.140685;-121.8336
-1.031554;-56.8242
-0.935586;-1.3172
-0.857635;38.3568
-0.813168;63.8632
-0.799643;80.55
-0.791025;89.1189
-0.775244;96.2647
-0.756145;109.9692
-0.724818;132.6753
-0.662512;167.1431
-0.55892;219.6765
-0.412746;282.3239
-0.23999;345.5103
-0.062304;406.961
0.118005;463.6733
0.311272;510.8943
0.515741;545.5252
0.711006;572.1744
0.878488;595.3693
1.015487;613.9865
1.127365;627.9342
1.21908;638.2984
1.291106;642.4851
1.331803;640.1234
1.322624;630.5668
1.260826;594.9208
1.158382;532.1483
1.025686;454.6816
0.878143;369.6418
0.728247;279.1322
0.5749;190.4729
0.423675;109.1786
0.291933;36.0832
0.186406;-22.3308
0.108904;-57.5847
0.070324;-76.3514
0.063192;-83.4636
0.062058;-85.0318
0.049075;-93.5408
0.015751;-113.5671
-0.04134;-150.0761
-0.130736;-205.4331
-0.259639;-269.6226
-0.410678;-335.0132
-0.557813;-394.145
-0.686472;-437.77
-0.788102;-471.4184
-0.869336;-499.6704
-0.94636;-518.5898
-1.019668;-532.188
-1.080099;-544.4084
-1.123612;-551.6654
-1.145212;-552.4508
-1.135954;-544.4492
-1.091302;-519.7271
-1.018969;-482.699
-0.940862;-445.9247
-0.88469;-417.046
-0.856161;-393.4945
-0.830033;-372.3317
-0.789151;-352.4892
-0.748383;-331.3835
-0.721932;-307.8047
-0.698527;-289.782
-0.675282;-279.7291
-0.669483;-277.0675
-0.688181;-281.0264
-0.716749;-290.2378
-0.740309;-303.0696
-0.76224;-317.3239
-0.790961;-326.7417
-0.814829;-331.547
-0.81708;-331.1296
-0.792753;-311.0385
-0.730329;-268.6477
-0.620508;-202.504
-0.466565;-110.518
-0.274039;3.9655
-0.043332;139.6154
0.233586;286.6235
0.55366;413.275
0.876949;503.7942
1.162291;570.7288
1.410444;620.0629
1.644683;657.5201
1.884199;684.4129
2.128089;701.3538
2.359137;719.9389
2.57135;735.4255
2.760171;743.356
2.911792;752.1815
3.024506;764.546
3.11331;771.1493
3.183627;772.2077
3.22875;774.2328
3.249161;778.9902
3.259324;784.481
3.277774;787.4223
3.315046;791.0346
3.37351;789.1329
3.435382;784.7437
3.47401;783.1518
3.471674;775.7782
3.414568;739.2182
3.295438;668.5949
3.11743;563.2867
2.888136;428.6114
2.62184;277.7672
2.34872;128.1599
2.105387;0.8669
1.914156;-88.8571
1.782744;-141.8622
1.708414;-171.7207
1.668113;-193.1862
1.625328;-209.3649
1.567647;-224.3043
1.508773;-243.5794
1.45616;-263.6984
1.408594;-277.9351
1.37109;-291.8927
1.338707;-310.8342
1.291784;-329.1481
1.223494;-351.941
1.133839;-382.5165
1.020222;-409.4669
0.898515;-430.2843
0.794186;-450.2813
0.713113;-469.1125
0.643698;-481.254
0.577469;-495.4504
0.496958;-517.7369
0.37544;-535.6353
0.214325;-550.4138
0.037222;-567.8132
-0.137989;-584.6921
-0.298932;-594.6379
-0.423949;-597.4036
-0.488402;-601.305
-0.488882;-591.2846
-0.431474;-548.9658
-0.321875;-484.063
-0.188504;-406.5161
-0.057958;-319.1005
0.080618;-224.7255
0.248097;-124.2654
0.432565;-23.8131
0.59631;69.5665
0.719875;140.685
0.800158;181.6141
0.833399;198.4061
0.826046;194.4883
0.79309;174.9661
0.747578;147.8681
0.698543;119.2525
0.651965;91.0987
0.605982;59.5887
0.547436;21.9184
0.468698;-20.7373
0.381556;-67.4046
0.303476;-105.3338
0.257694;-120.2287
0.266777;-114.7139
0.31836;-90.3011
0.382009;-49.9398
0.452928;-2.6635
0.541978;51.3806
0.654493;115.8875
0.789953;189.0788
0.943568;264.9063
1.105234;338.8249
1.263986;403.8043
1.405404;453.6993
1.514372;493.4554
1.592525;521.8575
1.64687;536.8641
1.676821;543.2035
1.686757;542.8028
1.685825;534.3082
1.673598;519.0648
1.644366;498.1491
1.599948;470.9051
1.545958;432.4489
1.473024;378.7502
1.365277;313.4314
1.234056;241.6419
1.110693;170.5137
1.011339;110.5582
0.933535;64.7557
0.869867;27.5732
0.811349;-5.5106
0.751459;-37.4873
0.689248;-69.1025
0.627567;-99.9579
0.56969;-126.4392
0.524712;-140.8786
0.511365;-140.7165
0.536702;-128.2248
0.581222;-105.4554
0.626728;-75.1455
0.680097;-41.2759
0.751944;-3.5587
0.832514;29.4579
0.89133;53.9095
0.917139;69.4231
0.928131;71.5341
0.929719;62.78
0.906647;42.6446
0.847226;7.9808
0.758229;-36.9104
0.661;-86.036
0.571919;-131.8877
0.498345;-165.394
0.452053;-183.5751
0.443677;-183.9843
0.468358;-170.4835
0.50327;-152.7989
0.523924;-139.7792
0.521851;-138.12
0.502652;-142.7929
0.484022;-145.3409
0.485315;-139.4271
0.514755;-117.3187
0.575153;-77.4137
0.666536;-18.9788
0.788226;56.2079
0.933655;136.8749
1.076042;208.399
1.183804;269.1353
1.264731;323.7444
1.35409;366.2642
1.452019;404.6254
1.541082;444.1647
1.623379;476.2507
1.701941;501.0681
1.774584;526.5332
1.850076;551.8302
1.935917;571.608
2.021839;591.5494
2.099981;610.8288
2.169957;624.12
2.225959;632.4054
2.263393;643.6529
2.297386;653.8663
2.342042;656.8923
2.387145;658.3509
2.419854;663.585
2.449585;671.7182
2.497322;677.218
2.565222;679.8726
2.634076;682.8544
2.683542;687.4708
2.706577;691.5666
2.704502;687.0997
2.673753;664.4902
2.611099;627.4238
2.528715;580.9233
2.444484;528.464
2.36218;476.7292
2.279182;425.3687
2.191762;370.1805
2.0931;310.4998
1.983535;250.5729
1.875622;188.673
1.767734;120.903
1.637664;46.1676
1.472473;-41.2413
1.273354;-140.4357
1.048312;-236.4904
0.818676;-319.9961
0.603217;-389.894
0.402385;-443.767
0.215394;-479.0236
0.058699;-500.603
-0.049365;-519.8934
-0.115956;-535.0904
-0.159189;-540.8212
-0.184594;-545.3195
-0.198889;-551.6534
-0.217387;-558.3256
-0.254744;-565.6291
-0.317332;-572.2151
-0.400395;-581.5098
-0.501143;-596.8442
-0.625047;-608.1223
-0.759781;-611.4279
-0.875654;-623.2239
-0.97176;-639.3377
-1.066587;-646.352
-1.158224;-648.4905
-1.232914;-655.21
-1.294046;-665.3018
-1.3584;-671.1798
-1.430178;-671.4074
-1.493923;-669.7237
-1.530811;-669.5321
-1.538518;-664.4906
-1.528636;-651.9305
-1.513068;-636.13
-1.498222;-618.9115
-1.480608;-598.4103
-1.449562;-575.2993
-1.404945;-547.7461
-1.355587;-515.4604
-1.302593;-479.2505
-1.237809;-437.0051
-1.155223;-388.4275
-1.058928;-331.0233
-0.953073;-269.4816
-0.844336;-208.9808
-0.74029;-145.9908
-0.634415;-84.8643
-0.525764;-28.0311
-0.426223;26.6504
-0.338409;75.4036
-0.258291;115.843
-0.18702;151.6064
-0.121975;187.0059
-0.050909;224.7082
0.035276;264.3945
0.130163;303.299
0.219938;341.0397
0.304724;379.9869
0.401312;417.0753
0.515735;449.2435
0.634329;481.5562
0.748698;509.5783
0.851414;524.7539
0.919738;532.3156
0.93817;536.894
0.917679;529.5492
0.882986;513.8648
0.857711;502.2297
0.85244;493.0614
0.851549;484.3101
0.836344;474.3797
0.808075;458.8803
0.77702;439.9406
0.748688;419.7763
0.719457;396.6226
0.677754;365.6349
0.612806;327.0442
0.532204;283.3309
0.455405;237.7799
0.387378;192.5209
0.314038;144.2017
0.221828;91.9949
0.118911;38.4528
0.025045;-13.6431
-0.056438;-63.3533
-0.140208;-109.8694
-0.234212;-158.3396
-0.339608;-214.9521
-0.463798;-276.6657
-0.606455;-336.1863
-0.747635;-387.6311
-0.864459;-430.1302
-0.955941;-469.1084
-1.047864;-505.7079
-1.164889;-539.8774
-1.309461;-573.0815
-1.469312;-602.9856
-1.630743;-631.9198
-1.791981;-657.7021
-1.9536;-673.6545
-2.098548;-682.0161
-2.202756;-691.8354
-2.263651;-703.1046
-2.299065;-710.1921
-2.325574;-714.4454
-2.352217;-716.7339
-2.380188;-717.4087
-2.405857;-719.6136
-2.427756;-718.933
-2.43853;-713.834
-2.427655;-702.1204
-2.394323;-680.6287
-2.348002;-652.0991
-2.301456;-625.3616
-2.269374;-606.4078
-2.260507;-594.8529
-2.26901;-586.5945
-2.27896;-581.2761
-2.283253;-578.451
-2.286953;-571.6058
-2.2855;-559.8144
-2.266854;-546.0416
-2.233196;-526.5171
-2.195371;-503.9011
-2.163538;-488.9796
-2.152397;-484.7392
-2.167998;-487.9161
-2.201351;-496.323
-2.236538;-504.2421
-2.257257;-508.902
-2.253973;-504.0455
-2.220874;-482.9597
-2.158472;-447.5321
-2.076103;-399.2834
-1.981719;-343.7591
-1.881209;-285.1703
-1.779464;-224.6576
-1.675833;-161.6239
-1.565926;-98.8434
-1.454943;-39.289
-1.354729;16.5834
-1.26781;63.6217
-1.194437;100.2917
-1.136478;131.1764
-1.087003;157.8521
-1.037407;180.2865
-0.990699;198.5712
-0.957183;212.3143
-0.94036;221.7541
-0.929106;232.5976
-0.899682;251.3079
-0.836326;276.6986
-0.748393;308.128
-0.653957;341.2103
-0.563504;370.0879
-0.481897;394.0134
-0.411132;412.0549
-0.353122;426.9436
-0.305261;439.6104
-0.262368;449.1199
-0.222188;459.3442
-0.179736;470.2476
-0.130562;479.5139
-0.078432;487.4979
-0.030507;495.727
0.010907;500.9054
0.041039;497.332
0.044115;483.786
0.009436;461.0244
-0.046291;433.4958
-0.091466;402.9916
-0.124472;371.5997
-0.168463;341.9264
-0.227247;309.1439
-0.287333;271.0162
-0.347639;229.2487
-0.420271;181.9581
-0.511012;131.8506
-0.602585;86.0788
-0.668883;49.579
-0.704839;27.8272
-0.720254;21.0559
-0.720446;22.3744
-0.710092;26.7667
-0.697311;34.4812
-0.686038;38.2771
-0.685725;34.7182
-0.707193;21.0295
-0.753522;-7.414
-0.824553;-47.6798
-0.912483;-94.5736
-1.004251;-146.2596
-1.095367;-196.2658
-1.180228;-236.2802
-1.241533;-265.2059
-1.270878;-282.3494
-1.277483;-285.7389
-1.270487;-278.3669
-1.252916;-267.4231
-1.232829;-255.3893
-1.219836;-247.7264
-1.219408;-242.885
-1.223371;-239.5799
-1.223178;-240.9264
-1.227522;-241.9894
-1.23829;-240.1397
-1.24093;-235.8444
-1.22789;-226.2323
-1.205106;-210.0167
-1.179357;-191.473
-1.1546;-172.5592
-1.131044;-153.9231
-1.10751;-136.9559
-1.085475;-120.4094
-1.063552;-102.8051
-1.034352;-80.5178
-0.988942;-52.9158
-0.929197;-21.8071
-0.865249;14.9737
-0.797857;49.5572
-0.73528;72.7276
-0.701957;83.647
-0.708873;79.4318
-0.745851;59.9907
-0.797916;30.4156
-0.856058;-0.9209
-0.910744;-26.862
-0.946597;-40.2881
-0.948375;-37.6465
-0.91716;-25.1813
-0.876968;-4.3885
-0.841344;19.4816
-0.805536;38.2471
-0.769848;58.8244
-0.727864;86.0248
-0.666431;115.2858
-0.592435;146.1914
-0.522288;180.8568
-0.454609;214.0801
-0.384371;241.7693
-0.320093;267.6323
-0.26781;290.556
-0.225861;308.4114
-0.193722;320.2048
-0.17581;323.7186
-0.179306;316.6226
-0.207141;298.7916
-0.25281;271.7661
-0.306238;238.0805
-0.362304;202.1809
-0.417747;167.7225
-0.468047;134.4366
-0.513338;104.3229
-0.553828;79.0643
-0.586183;57.3823
-0.609213;43.5574
-0.619092;36.5379
-0.618082;31.2131
-0.619868;27.6525
-0.628299;25.1838
-0.633769;21.2498
-0.633393;19.8411
-0.62868;22.3048
-0.620088;24.2112
-0.614684;23.2812
-0.621072;18.5637
-0.638162;10.6025
-0.656222;1.4708
-0.666501;-3.3883
-0.661793;-0.1911
-0.638521;7.9231
-0.605688;20.2858
-0.572991;35.8593
-0.538754;53.1852
-0.49719;72.7512
-0.449696;92.1687
-0.407747;110.4852
-0.377877;128.2517
-0.353179;142.9806
-0.329705;154.652
-0.313544;163.2283
-0.311619;164.5932
-0.327676;156.4923
-0.360707;140.3767
-0.403365;119.8886
-0.444928;100.6966
-0.47753;83.1868
-0.50594;66.8947
-0.537375;54.4381
-0.563069;46.6443
-0.56889;47.5801
-0.551322;58.2037
-0.521047;73.926
-0.493811;90.0017
-0.477063;100.9382
-0.472875;102.8615
-0.483716;99.9726
-0.50102;96.6007
-0.508107;97.1095
-0.496796;104.59
-0.472468;117.8968
-0.445467;133.9342
-0.4223;146.4313
-0.409728;152.555
-0.412529;152.8968
-0.427035;146.8412
-0.448581;133.9211
-0.479312;116.4982
-0.519517;95.729
-0.564745;69.7625
-0.61553;40.5488
-0.672198;11.0713
-0.729293;-21.2477
-0.788207;-54.9711
-0.852658;-87.8707
-0.918891;-121.3125
-0.984394;-155.4464
-1.051347;-186.8042
-1.112531;-208.7233
-1.14741;-221.8877
-1.149955;-225.6639
-1.134055;-217.6823
-1.108878;-200.1239
-1.069199;-175.7699
-1.013374;-148.4049
-0.954574;-117.4078
-0.900238;-86.0744
-0.845958;-54.6139
-0.787071;-25.1622
-0.731464;1.7514
-0.687554;26.8846
-0.650279;47.1959
-0.614061;65.6398
-0.576413;86.1425
-0.530602;114.2842
-0.46384;151.1513
-0.374575;192.1403
-0.283014;229.8089
-0.213873;259.1622
-0.172187;280.262
-0.142984;292.9521
-0.114487;303.1865
-0.081461;317.1587
-0.037236;334.2744
0.018965;352.3264
0.077457;370.1995
0.128945;388.1794
0.176142;406.2897
0.22868;422.5276
0.287963;437.6547
0.348101;453.2983
0.406554;468.2675
0.465414;482.607
0.528086;494.6371
0.590417;499.8571
0.635905;501.5204
0.654996;498.1924
0.652027;487.4832
0.635759;471.4192
0.612802;452.8083
0.587406;435.543
0.565427;420.769
0.550263;408.3738
0.539108;398.2152
0.527879;389.991
0.516072;382.0299
0.503275;373.3654
0.485944;361.6262
0.457057;342.511
0.406789;310.1786
0.325047;260.2738
0.206729;190.012
0.054528;103.9827
-0.116149;11.0211
-0.285043;-83.3214
-0.446509;-173.1384
-0.603537;-252.1018
-0.749841;-319.3502
-0.878041;-376.0816
-0.990171;-420.3324
-1.087741;-454.665
-1.170672;-483.3379
-1.241378;-503.5162
-1.295186;-516.5846
-1.325669;-526.0591
-1.336554;-530.9939
-1.335837;-527.9484
-1.323918;-517.0744
-1.296322;-499.4029
-1.253875;-473.1361
-1.199228;-437.822
-1.131574;-394.6778
-1.051671;-346.679
-0.967824;-297.058
-0.88958;-248.8514
-0.819813;-206.2692
-0.76107;-173.5435
-0.720904;-149.8496
-0.701378;-138.663
-0.702888;-139.5082
-0.723155;-144.9016
-0.746208;-149.3616
-0.753859;-147.9501
-0.74295;-141.3617
-0.729302;-135.4693
-0.733002;-134.4566
-0.755364;-135.4907
-0.775497;-139.3817
-0.781194;-139.9752
-0.770443;-127.4547
-0.730239;-97.9631
-0.646654;-49.0706
-0.522484;15.7281
-0.376625;89.8428
-0.22514;166.7874
-0.070125;241.4061
0.090691;309.7347
0.251166;368.9021
0.400181;421.2515
0.538243;468.1066
0.674863;506.0011
0.80726;532.6928
0.918399;556.2035
1.004472;577.1033
1.072614;586.1312
1.113129;588.2389
1.112564;583.6081
1.075269;562.6482
1.015484;525.6082
0.93843;475.19
0.838586;413.2201
0.714815;340.0001
0.575868;259.5673
0.43663;180.6128
0.31393;110.8158
0.217896;53.2913
0.145253;8.2318
0.088358;-24.1662
0.049106;-44.7369
0.034423;-52.2045
0.047115;-44.1303
0.086937;-19.0637
0.154644;21.6763
0.247984;73.4437
0.357844;132.9694
0.47833;196.6605
0.609657;257.8955
0.744649;311.0092
0.866507;352.6207
0.958949;376.4728
1.005363;379.7122
0.993224;362.5813
0.926036;317.9776
0.815415;246.9613
0.668366;155.8325
0.488687;50.3809
0.283235;-63.6843
0.059041;-184.674
-0.18649;-303.6018
-0.451239;-407.6243
-0.721332;-495.8509
-0.995058;-567.6165
-1.28027;-617.6258
-1.569218;-652.3509
-1.845858;-680.8184
-2.102789;-703.3511
-2.33445;-717.2888
-2.52597;-726.6681
-2.664771;-737.9925
-2.755601;-745.0526
-2.805585;-747.4271
-2.817944;-745.856
-2.795666;-727.5487
-2.741508;-692.3192
-2.663737;-644.2245
-2.571102;-586.1199
-2.465137;-521.3561
-2.346294;-452.6825
-2.221789;-382.9475
-2.10443;-320.4363
-2.010457;-270.0483
-1.948064;-237.3095
-1.919777;-227.3979
-1.929856;-235.7782
-1.970686;-258.0863
-2.027496;-291.7749
-2.09549;-326.5609
-2.16523;-351.4639
-2.21262;-363.497
-2.224103;-361.8141
-2.208133;-344.6109
-2.172439;-312.079
-2.109764;-265.8189
-2.011867;-202.4596
-1.877298;-121.7512
-1.710613;-30.9721
-1.523951;63.0448
-1.329497;151.1706
-1.140157;224.0126
-0.973622;281.1594
-0.838814;326.674
-0.727701;363.6943
-0.625454;397.474
-0.517865;431.7456
-0.396067;462.2811
-0.267243;490.291
-0.141819;518.7286
-0.019019;541.9619
0.098835;556.2345
0.197203;567.1972
0.268201;579.7426
0.32383;590.722
0.381346;597.7683
0.446041;600.3481
0.507251;601.0926
0.550852;603.1508
0.573658;604.5616
0.5821;600.2698
0.580731;590.7436
0.568415;578.4921
0.547101;568.5554
0.533707;565.7681
0.547376;567.8747
0.587968;572.8257
0.647446;584.4822
0.725297;594.7301
0.813963;601.0516
0.898227;610.1705
0.973851;616.5283
1.03657;616.6811
1.073431;613.4934
1.074895;600.2606
1.036561;567.7181
0.955916;511.0673
0.833355;430.7391
0.673605;332.5128
0.491738;226.7171
0.311784;122.8054
0.148594;25.6843
-0.005022;-64.0329
-0.164235;-147.0957
-0.329702;-223.0412
-0.487369;-288.497
-0.624479;-343.6196
-0.743168;-390.166
-0.853553;-428.7395
-0.958453;-461.973
-1.055062;-491.9636
-1.143119;-518.2966
-1.224231;-540.7364
-1.299446;-560.9104
-1.373639;-583.255
-1.461369;-605.9375
-1.573361;-624.8442
-1.701979;-639.3457
-1.826974;-651.2248
-1.933177;-664.3363
-2.023237;-675.9226
-2.105025;-681.9222
-2.177712;-689.5218
-2.24685;-701.6864
-2.328674;-712.9531
-2.431023;-722.3961
-2.547352;-730.9042
-2.665037;-741.1794
-2.776446;-750.7889
-2.875464;-756.9243
-2.952956;-760.5312
-3.005246;-758.1752
-3.035422;-747.6853
-3.04764;-729.2593
-3.042532;-704.145
-3.018049;-673.2136
-2.973433;-635.102
-2.909809;-587.5841
-2.828107;-530.1092
-2.728344;-465.6459
-2.61489;-394.5526
-2.491366;-318.0894
-2.359793;-242.381
-2.228962;-167.3563
-2.10444;-98.6534
-1.993888;-44.852
-1.914256;-6.4171
-1.870327;18.0325
-1.846692;32.0771
-1.825524;42.3597
-1.800514;52.5806
-1.776189;63.3646
-1.756103;75.0647
-1.735793;86.8245
-1.709652;102.5403
-1.671657;123.6217
-1.620341;147.3719
-1.562686;174.3085
-1.502636;200.6134
-1.441195;224.5003
-1.377745;248.9686
-1.304526;275.8599
-1.212996;302.4686
-1.108569;328.3746
-1.003351;356.7552
-0.898081;384.9399
-0.789828;410.437
-0.68371;434.4843
-0.587098;456.9232
-0.50175;477.5568
-0.424399;494.5325
-0.355353;505.1279
-0.303555;509.5684
-0.276282;508.16
-0.270245;498.3123
-0.278339;481.2363
-0.293517;462.8118
-0.306725;443.0782
-0.316884;424.1286
-0.327239;410.2201
-0.332876;400.1866
-0.328639;393.1262
-0.318739;387.6158
-0.313076;384.7804
-0.313406;383.716
-0.314752;379.7291
-0.323081;368.8981
-0.355499;347.408
-0.41859;313.6495
-0.501104;268.6125
-0.590113;217.7873
-0.680613;165.4045
-0.772411;112.7525
-0.864773;60.7611
-0.953123;12.6872
-1.029452;-30.3767
-1.091436;-66.9545
-1.141425;-94.5709
-1.176739;-113.1003
-1.193512;-123.6847
-1.195346;-126.3877
-1.187841;-121.6524
-1.170629;-110.605
-1.141369;-94.6352
-1.104405;-76.2261
-1.06839;-55.0125
-1.034041;-34.8539
-1.001669;-17.2272
-0.974808;0.528
-0.950219;18.525
-0.923021;34.5448
-0.90066;44.1553
-0.900173;44.2844
-0.929562;27.7637
-0.990277;-8.6219
-1.084202;-63.1701
-1.208558;-132.7168
-1.352532;-209.7181
-1.499498;-283.0498
-1.632475;-343.3451
-1.74176;-391.7065
-1.835468;-431.501
-1.929659;-464.9117
-2.028871;-493.3356
-2.123301;-516.946
-2.201891;-536.666
-2.26437;-552.12
-2.317113;-562.9842
-2.363079;-570.4561
-2.40092;-576.7319
-2.432613;-584.3554
-2.466914;-591.2357
-2.506291;-594.4056
-2.53774;-593.5187
-2.543289;-586.6133
-2.514355;-565.3235
-2.457121;-531.7256
-2.392474;-495.9072
-2.34312;-466.8145
-2.31707;-448.803
-2.307432;-442.0377
-2.308679;-446.0332
-2.326378;-454.3646
-2.360797;-465.8294
-2.402854;-478.9404
-2.44416;-492.9808
-2.486326;-507.9887
-2.536005;-519.9603
-2.589053;-530.9554
-2.637276;-540.0152
-2.673873;-542.4109
-2.690456;-540.975
-2.687432;-534.4484
-2.669744;-519.9659
-2.635935;-496.7756
-2.581261;-462.5754
-2.503952;-419.4725
-2.413415;-370.2022
-2.322098;-318.8689
-2.235609;-270.3215
-2.155501;-225.5181
-2.080332;-181.4735
-2.002571;-135.6428
-1.915588;-87.9763
-1.822291;-36.7152
-1.72553;18.3195
-1.623076;71.6817
-1.520593;120.2055
-1.428363;163.2189
-1.347433;198.929
-1.274472;225.1256
-1.215491;240.112
-1.183165;247.0829
-1.176353;247.649
-1.179352;243.9312
-1.178514;242.0116
-1.168748;243.177
-1.153326;247.9842
-1.133216;259.5751
-1.097635;276.9926
-1.037736;298.7467
-0.958274;324.9932
-0.868128;354.0334
-0.771237;381.6055
-0.672588;403.1689
-0.585485;418.0632
-0.523933;427.5975
-0.490839;431.5772
-0.476855;429.4559
-0.469384;422.67
-0.461513;415.5199
-0.449041;411.3892
-0.42712;408.0207
-0.397889;405.1641
-0.36614;406.8358
-0.327295;408.3493
-0.280684;408.5754
-0.232617;412.3868
-0.180834;419.5476
-0.117051;428.5026
-0.039498;440.247
0.044636;451.8407
0.119533;462.2168
0.17175;473.4495
0.202456;482.2517
0.218186;487.3097
0.221605;487.3472
0.212751;484.6978
0.199165;480.1301
0.187536;470.7314
0.170453;460.1953
0.145463;449.225
0.121111;433.9298
0.096463;417.1697
0.066535;399.6298
0.031135;376.7177
-0.012012;351.7827
-0.058357;327.653
-0.097692;305.1921
-0.129085;284.3429
-0.162877;262.487
-0.208665;236.3653
-0.267313;203.3981
-0.33464;167.3465
-0.401148;133.0243
-0.456935;102.6535
-0.502049;76.2403
-0.545103;52.167
-0.591511;28.3957
-0.640421;1.2488
-0.694986;-30.2209
-0.760382;-65.0552
-0.833217;-101.4537
-0.902873;-136.0041
-0.961181;-164.4444
-1.005033;-184.0991
-1.03291;-194.8027
-1.044369;-197.6006
-1.042279;-195.084
-1.035107;-192.7786
-1.036662;-195.581
-1.055742;-203.6014
-1.0853;-215.6215
-1.114245;-232.3673
-1.146359;-251.5205
-1.188245;-268.9746
-1.2325;-289.507
-1.277793;-313.8524
-1.333884;-339.5199
-1.402431;-365.0022
-1.47204;-389.7634
-1.532673;-410.7816
-1.580009;-423.8606
-1.609066;-430.5893
-1.61891;-431.1114
-1.612516;-424.0075
-1.589979;-407.3679
-1.547308;-379.0403
-1.480616;-337.494
-1.390387;-284.7924
-1.285521;-225.3639
-1.179146;-164.7151
-1.079684;-106.8647
-0.986984;-52.5059
-0.895826;0.0882
-0.801657;52.4184
-0.705204;102.365
-0.614199;148.4915
-0.533538;191.2697
-0.457394;230.7229
-0.379308;264.9029
-0.304973;294.4893
-0.241734;321.9735
-0.184968;345.1866
-0.131441;360.2585
-0.092089;371.2812
-0.071725;381.4528
-0.057651;388.2753
-0.039254;392.4196
-0.01897;396.1426
-0.002944;400.5237
0.009721;405.8754
0.026722;412.7887
0.053929;419.8822
0.085647;425.579
0.107605;429.9315
0.111986;432.4443
0.10498;429.2462
0.096001;423.3132
0.090749;417.8929
0.089844;411.0375
0.086197;402.5501
0.075501;394.3992
0.065248;384.9407
0.059935;372.8694
0.051875;360.5124
0.035724;346.3949
0.013768;329.6427
-0.010452;310.5079
-0.038444;288.2834
-0.077164;259.9808
-0.133094;225.5834
-0.200464;188.9879
-0.264086;151.8978
-0.318518;120.0711
-0.363544;96.9651
-0.394441;81.6699
-0.41116;69.6471
-0.429319;54.365
-0.469366;30.1237
-0.537497;-8.2548
-0.628083;-59.3457
-0.732128;-116.9582
-0.839067;-174.3459
-0.939111;-228.3156
-1.029807;-275.6302
-1.111017;-313.6148
-1.17868;-345.391
-1.234696;-372.8689
-1.28773;-397.2275
-1.341782;-416.4755
-1.38724;-430.6924
-1.413324;-440.5071
-1.421624;-444.5042
-1.420475;-442.7403
-1.414113;-435.1695
-1.397937;-422.1679
-1.369021;-406.1538
-1.338449;-392.4682
-1.324413;-383.4305
-1.328732;-377.7675
-1.334961;-374.226
-1.331654;-368.6671
-1.319461;-356.3121
-1.298208;-337.8634
-1.267115;-317.0751
-1.233399;-295.4801
-1.203335;-272.0032
-1.169804;-246.1057
-1.123686;-218.2473
-1.069686;-187.3162
-1.015897;-153.9691
-0.960598;-119.348
-0.899401;-86.5355
-0.8401;-57.467
-0.794467;-32.9662
-0.76222;-15.1905
-0.735863;-0.7588
-0.707844;13.1905
-0.676732;26.4886
-0.647337;41.932
-0.617102;61.1094
-0.577075;82.3673
-0.528125;106.0778
-0.479183;130.4945
-0.436714;152.5567
-0.401515;171.5756
-0.370275;188.2727
-0.338482;205.4366
-0.30027;225.5655
-0.250768;248.5032
-0.193001;271.5553
-0.13823;294.112
-0.093344;314.0092
-0.058551;328.5072
-0.03561;336.8865
-0.028967;336.7936
-0.042131;326.676
-0.073424;307.3963
-0.115401;282.6077
-0.158736;256.0812
-0.199249;228.4878
-0.240599;201.7009
-0.283437;175.6188
-0.323873;148.9757
-0.362551;121.6265
-0.403765;94.526
-0.445903;68.7456
-0.481629;45.9165
-0.507766;25.6795
-0.530679;7.9879
-0.5548;-6.1823
-0.573936;-17.7802
-0.583291;-25.6908
-0.586311;-30.7622
-0.590604;-35.6801
-0.599867;-39.4573
-0.606777;-40.6468
-0.601501;-37.0937
-0.583604;-30.0272
-0.564506;-22.6773
-0.555298;-17.5196
-0.555909;-17.699
-0.562252;-21.7431
-0.57183;-28.9631
-0.586144;-39.4057
-0.607598;-51.8762
-0.635011;-69.1107
-0.671745;-93.1592
-0.724774;-121.934
-0.790675;-154.6339
-0.858416;-187.9229
-0.917817;-215.0657
-0.96011;-235.342
-0.985762;-249.318
-1.001969;-254.3701
-1.008736;-254.5375
-1.006568;-251.7415
-0.999346;-242.5377
-0.982089;-226.9109
-0.948077;-204.3781
-0.899141;-173.9825
-0.840934;-137.6864
-0.778134;-99.899
-0.716591;-62.7185
-0.660376;-28.1199
-0.611042;1.0633
-0.571857;23.6448
-0.546315;38.7495
-0.534696;47.2153
-0.532542;51.0851
-0.533341;53.3573
-0.532;56.1306
-0.527044;60.2235
-0.520442;63.6759
-0.518109;63.4132
-0.526468;59.1414
-0.543185;52.978
-0.557278;47.247
-0.562492;42.9446
-0.564717;39.4825
-0.572505;35.9153
-0.584432;33.4421
-0.589937;32.9183
-0.583731;36.3383
-0.568995;44.6739
-0.550008;54.8129
-0.531616;64.4209
-0.518324;72.3135
-0.51091;78.9063
-0.505707;83.7237
-0.501312;85.4941
-0.502627;82.8312
-0.515902;72.8837
-0.544433;53.8659
-0.587453;27.1804
-0.63846;-1.9642
-0.685241;-29.6191
-0.720297;-53.2976
-0.746314;-71.9303
-0.769078;-88.2816
-0.793286;-105.2277
-0.821592;-123.4997
-0.852259;-141.171
-0.878881;-157.2094
-0.898693;-171.7299
-0.917296;-186.2976
-0.942598;-203.1673
-0.976899;-222.9222
-1.014966;-242.7741
-1.048231;-261.4676
-1.074911;-278.2927
-1.099214;-291.6093
-1.11948;-300.0011
-1.126557;-302.5941
-1.116452;-300.1088
-1.098032;-292.4499
-1.080467;-283.9663
-1.068867;-280.5316
-1.069562;-282.481
-1.083186;-287.7878
-1.10139;-296.0649
-1.118809;-305.1996
-1.135296;-310.8561
-1.145236;-311.6306
-1.139753;-306.5158
-1.117911;-297.8823
-1.092894;-287.3251
-1.076592;-277.6021
-1.066999;-269.9708
-1.056401;-264.5575
-1.045408;-260.407
-1.039065;-255.2391
-1.033793;-250.0946
-1.023774;-243.1346
-1.007249;-232.6092
-0.985452;-219.1622
-0.961439;-204.755
-0.938882;-190.2549
-0.917372;-174.0396
-0.889859;-154.2469
-0.849949;-128.7255
-0.797967;-97.5013
-0.739962;-63.3847
-0.682146;-27.8343
-0.623669;8.8871
-0.559549;46.1983
-0.491455;82.1757
-0.428905;115.6268
-0.376494;145.7145
-0.330212;170.4139
-0.289395;190.292
-0.25774;207.2131
-0.234199;221.3454
-0.21328;234.3038
-0.189321;248.5745
-0.159741;262.6784
-0.129689;276.3583
-0.104346;290.0502
-0.081818;300.8674
-0.061075;310.3056
-0.041305;320.2155
-0.018779;330.6841
0.008523;340.6401
0.036461;349.8695
0.06067;359.7898
0.084236;368.7152
0.110033;375.8832
0.135401;383.7067
0.159586;392.1065
0.184002;399.0476
0.206199;405.9288
0.224441;413.6272
0.240339;419.0589
0.251497;422.2491
0.253823;422.392
0.24565;414.5503
0.222131;397.4135
0.180598;372.8328
0.127913;341.3163
0.070501;305.3466
0.009643;269.3779
-0.050114;235.7746
-0.102025;204.7958
-0.146541;176.919
-0.189035;151.4523
-0.231214;127.8003
-0.269193;106.5916
-0.300799;85.0317
-0.335193;60.9425
-0.382592;33.2075
-0.440995;-0.4065
-0.504807;-38.9891
-0.573197;-79.7729
-0.645199;-120.5978
-0.71656;-161.4208
-0.786077;-201.1735
-0.855147;-238.2642
-0.921597;-271.5547
-0.97991;-299.6831
-1.025963;-321.5627
-1.059333;-337.2667
-1.082729;-348.5901
-1.101776;-358.3982
-1.12462;-370.7484
-1.159765;-386.2246
-1.207881;-404.5177
-1.262162;-425.3685
-1.31579;-443.9447
-1.360613;-459.3098
-1.392182;-471.5788
-1.411837;-477.7725
-1.417323;-477.2307
-1.403362;-468.6947
-1.373138;-453.2107
-1.337712;-432.5794
-1.302302;-410.9468
-1.266339;-389.6242
-1.228599;-367.0174
-1.187127;-342.2709
-1.140095;-314.1767
-1.086593;-283.097
-1.028785;-250.3149
-0.970854;-216.6385
-0.913617;-181.6386
-0.852457;-144.0831
-0.782759;-102.9172
-0.705333;-58.1165
-0.62451;-10.762
-0.542545;38.1702
-0.458783;85.417
-0.378091;127.1172
-0.310861;162.3534
-0.260039;190.0631
-0.220033;211.6197
-0.184377;229.652
-0.150487;245.8901
-0.117527;264
-0.080091;282.9307
-0.036707;301.3926
0.005691;318.7137
0.040804;335.2333
0.072302;351.7588
0.109199;366.9922
0.15277;383.3858
0.200708;402.2648
0.254215;422.2216
0.314867;442.673
0.380309;460.509
0.439873;473.7833
0.480556;484.3646
0.500171;491.2796
0.505538;494.5311
0.504264;494.0379
0.498367;488.9582
0.484484;479.9008
0.461965;466.8725
0.434919;451.1591
0.408572;435.5953
0.387355;423.2
0.374673;414.8684
0.370206;409.493
0.368331;404.3681
0.360205;396.311
0.338306;380.7316
0.298587;355.8219
0.242483;322.8646
0.175993;283.2305
0.103139;239.4475
0.025459;194.0175
-0.054423;147.354
-0.133673;102.5148
-0.206856;61.7256
-0.269224;25.4814
-0.320983;-2.8221
-0.36023;-23.7976
-0.386124;-38.6242
-0.402868;-48.1912
-0.415746;-55.9393
-0.430027;-65.2024
-0.44981;-76.471
-0.473893;-90.3309
-0.500281;-107.9957
-0.53242;-128.6959
-0.572843;-151.7659
-0.618046;-176.6186
-0.662682;-200.3152
-0.701069;-218.5008
-0.727047;-232.296
-0.742647;-241.1119
-0.75245;-244.1628
-0.754768;-243.9105
-0.749033;-241.4799
-0.740448;-236.9826
-0.732215;-230.2872
-0.72145;-224.4229
-0.710914;-221.453
-0.70967;-221.6997
-0.719842;-226.1837
-0.735061;-232.6514
-0.747342;-238.4055
-0.754241;-242.4363
-0.759287;-244.5335
-0.764882;-245.2045
-0.76863;-243.8279
-0.765075;-237.7791
-0.748092;-224.1065
-0.714545;-202.7379
-0.669228;-176.777
-0.62272;-149.0461
-0.580606;-122.5951
-0.542334;-100.1704
-0.509447;-81.963
-0.484834;-67.5966
-0.466876;-55.7204
-0.449117;-44.2262
-0.425829;-29.6872
-0.394109;-10.5834
-0.354865;11.9689
-0.312247;37.6668
-0.26775;64.7588
-0.222186;89.8935
-0.181181;112.8348
-0.148191;132.1734
-0.123348;144.8196
-0.109966;151.6208
-0.108202;154.8813
-0.109729;155.7652
-0.107921;154.791
-0.107057;151.5181
-0.115647;144.9513
-0.134486;134.6216
-0.155694;123.6914
-0.169022;116.9901
-0.168748;115.9438
-0.157925;120.7591
-0.141394;130.3525
-0.120309;141.9375
-0.09685;153.3087
-0.076691;162.6577
-0.064424;168.6639
-0.059197;171.6014
-0.057397;170.0113
-0.0619;163.6569
-0.078041;153.3899
-0.102967;139.617
-0.129359;123.1359
-0.155907;105.0259
-0.186808;84.9152
-0.224681;61.7843
-0.267383;37.3838
-0.308575;13.5162
-0.344616;-9.2092
-0.379309;-31.8235
-0.418988;-55.0974
-0.463208;-78.6495
-0.505851;-103.3342
-0.54689;-128.481
-0.590874;-153.2275
-0.638021;-179.5334
-0.687944;-208.6011
-0.743391;-239.4033
-0.804238;-270.168
-0.864406;-299.4006
-0.918158;-325.5266
-0.96482;-347.8461
-1.00736;-367.8249
-1.048665;-383.718
-1.083728;-394.8954
-1.104672;-403.0376
-1.112869;-407.3479
-1.115191;-408.1218
-1.115228;-406.8089
-1.112468;-405.275
-1.108687;-404.9041
-1.108519;-403.7491
-1.108197;-399.7914
-1.09762;-392.7008
-1.074858;-379.9786
-1.044414;-361.5953
-1.009037;-340.2788
-0.971061;-318.3034
-0.934409;-296.2346
-0.900056;-273.6959
-0.864014;-250.1247
-0.823581;-226.151
-0.783432;-203.2466
-0.750986;-183.6119
-0.728581;-168.6338
-0.713455;-158.8856
-0.704433;-153.8445
-0.70315;-152.8457
-0.708323;-152.5968
-0.710626;-150.5656
-0.702642;-146.6756
-0.688719;-138.2473
-0.672152;-125.7618
-0.650121;-111.7982
-0.623426;-96.1424
-0.595591;-78.7109
-0.56642;-59.4758
-0.532692;-38.7925
-0.494348;-16.1252
-0.452633;10.5972
-0.403812;40.6754
-0.345594;73.7349
-0.281997;107.972
-0.220669;140.0102
-0.167673;168.2409
-0.12423;189.7158
-0.091776;206.0691
-0.069074;217.9601
-0.053452;224.8429
-0.044974;229.3611
-0.041961;230.3209
-0.044243;227.0629
-0.054209;220.2936
-0.07059;211.7196
-0.087284;201.0584
-0.103674;188.3431
-0.124497;175.6609
-0.147156;163.7845
-0.163554;153.7767
-0.170946;147.777
-0.171963;145.534
-0.170046;144.6721
-0.167544;145.6116
-0.161696;149.2565
-0.148261;154.6377
-0.130836;160.3803
-0.118309;164.9334
-0.113997;167.2444
-0.112845;168.0517
-0.109462;167.4491
-0.105948;166.9714
-0.104825;167.0279
-0.10429;164.9436
-0.106091;160.3707
-0.114171;153.6023
-0.128865;142.2435
-0.151452;125.4471
-0.184236;104.6509
-0.224061;80.7319
-0.265546;54.6782
-0.308056;27.6847
-0.353514;1.0211
-0.399536;-24.4584
-0.440987;-48.3307
-0.476445;-68.6688
-0.505476;-83.5117
-0.523807;-91.4976
-0.525949;-90.6391
-0.509529;-79.9103
-0.477626;-61.8946
-0.439456;-41.6831
-0.406389;-23.3988
-0.383551;-9.6865
-0.368784;-1.0782
-0.359498;2.6564
-0.356582;3.9666
-0.358195;3.8242
-0.36056;1.7937
-0.363809;0.4588
-0.366408;1.0407
-0.364732;2.2809
-0.36015;5.5952
-0.354291;10.5918
-0.347399;14.3268
-0.343044;17.8645
-0.342097;19.7153
-0.344175;18.9489
-0.350252;16.9161
-0.35963;12.0934
-0.373056;5.3304
-0.389623;-1.1272
-0.402727;-4.4972
-0.404032;-1.4721
-0.390277;8.0426
-0.367053;22.6235
-0.341618;40.0546
-0.315638;57.8048
-0.288167;75.562
-0.259825;91.9498
-0.235391;105.1558
-0.220199;114.4299
-0.214916;117.3415
-0.219514;114.5937
-0.232209;108.509
-0.24771;99.3053
-0.264645;87.9971
-0.284781;77.142
-0.303826;68.6293
-0.31377;63.7276
-0.312937;63.5358
-0.306685;65.442
-0.303208;66.606
-0.306435;65.8145
-0.313028;63.1773
-0.317898;60.792
-0.319323;58.8803
-0.321397;55.6221
-0.331217;48.4691
-0.353237;35.1724
-0.387303;15.5889
-0.430036;-8.8153
-0.477389;-35.8965
-0.526013;-63.5241
-0.57316;-90.2606
-0.616502;-114.3051
-0.652706;-133.7503
-0.678388;-149.2012
-0.695742;-161.2893
-0.709723;-169.65
-0.71946;-174.963
-0.7215;-177.8103
-0.717181;-177.4169
-0.709346;-173.8784
-0.698082;-168.695
-0.68315;-160.977
-0.663953;-151.6427
-0.643017;-143.1233
-0.626473;-135.3655
-0.61509;-129.4502
-0.605063;-124.4882
-0.592864;-118.1181
-0.576128;-109.0947
-0.554987;-99.122
-0.535245;-90.756
-0.52342;-84.0204
-0.516721;-79.0462
-0.508548;-75.8038
-0.498769;-71.4673
-0.488394;-65.8996
-0.478141;-63.6857
-0.475226;-64.3738
-0.4821;-67.9325
-0.492276;-73.8104
-0.499415;-78.1371
-0.499529;-77.8838
-0.489403;-71.3949
-0.467787;-59.4047
-0.437479;-41.1312
-0.399225;-16.9544
-0.352032;9.963
-0.301214;38.1085
-0.25374;65.5937
-0.21154;89.7278
-0.174556;110.5488
-0.141812;129.9503
-0.109385;149.2811
-0.074307;167.1799
-0.041857;181.8719
-0.021118;192.1372
-0.01416;197.2485
-0.01488;198.715
-0.015279;199.8711
-0.011626;201.6767
-0.006416;205.5731
-0.001068;210.0516
0.003788;212.93
0.005287;214.873
0.002849;214.1588
-0.003062;212.1261
-0.009984;208.9593
-0.01659;205.0079
-0.023387;202.0704
-0.028892;199.0722
-0.033253;196.3859
-0.03704;195.7083
-0.03849;193.8512
-0.042074;189.9522
-0.053383;185.4312
-0.06861;178.1727
-0.084058;169.1785
-0.10091;160.0524
-0.118887;152.3192
-0.132488;147.1497
-0.13739;144.6232
-0.136512;145.1059
-0.134334;146.7739
-0.133201;147.4019
-0.135174;145.6737
-0.142581;140.9425
-0.155491;134.2793
-0.16967;126.8448
-0.181367;119.2259
-0.192125;111.8502
-0.204552;105.4448
-0.216607;99.1549
-0.226992;91.9015
-0.239125;84.8391
-0.253175;78.149
-0.264551;72.5258
-0.269938;69.3704
-0.27004;68.5425
-0.268502;68.0568
